FormID, EditorID, Name, Flags
0x000002C2, "Strength", "Strength", "10000010000100000000000001000000"
0x000002C3, "Perception", "Perception", "10000010000100000000000001000000"
0x000002C4, "Endurance", "Endurance", "10000010000100000000000001000000"
0x000002C5, "Charisma", "Charisma", "10000010000100000000000001000000"
0x000002C6, "Intelligence", "Intelligence", "10000010000100000000000001000000"
0x000002C7, "Agility", "Agility", "10000010000100000000000001000000"
0x000002C8, "Luck", "Luck", "10000010000100000000000001000000"
0x000002C9, "Experience", "", "10000000000000000000010000000000"
0x000002CC, "IdleChatterTimeMin", "", "10000000000000000000010000000000"
0x000002CD, "IdleChatterTimeMax", "", "10000000000000000000010000000000"
0x000002D4, "Health", "Health", "10011000000000011000000000110000"
0x000002D5, "Oxygen", "", "10011010000000001000000000110000"
0x000002D7, "HealRate", "Heal Rate", "10000000000000001000000000010000"
0x000002DA, "SpeedMult", "", "10000000000000000000000000010000"
0x000002DC, "CarryWeight", "CARGO", "10000000000000001000000000010000"
0x000002DF, "UnarmedDamage", "", "10000000000000001000000000000000"
0x000002E1, "EnvDmg", "Environmental Damage", "10010100000000000000000000110000"
0x000002E3, "DamageResist", "Damage Resistance", "10000000000000001000000000000000"
0x000002E4, "PoisonResist", "Poison Resistance", "10000000000000000000010000110000"
0x000002E5, "FireResist_DONOTUSE", "Fire Resistance", "10000000000000000000010000110000"
0x000002E6, "ElectricResist_DONOTUSE", "Electrical Resistance", "10000000000000000000010000110000"
0x000002E7, "FrostResist_DONOTUSE", "Cold Resistance", "10000000000000000000010000110000"
0x000002E8, "MagicResist_DONOTUSE", "", "10000001000000000000010000110000"
0x000002E9, "RadResistIngestion", "Radiation Resistance", "10000000000000000000010000110000"
0x000002EA, "RadResistExposure", "Radiation Resistance", "10000000000000000000010000110000"
0x000002EB, "EnergyResist", "Energy Resistance", "10000000000000000000010000000000"
0x000002F3, "Invisibility", "", "10000000000000000000010000010000"
0x000002F6, "WaterBreathing", "Water Breathing", "10000000000000000000010000000000"
0x000002F8, "IgnoreCrippledLimbs", "Health", "10000000000000000000010000000000"
0x00000333, "Safety", "Defense", "10000000000000000000010000000000"
0x00000344, "FollowerState", "", "10000000000000000000100000000000"
0x00000346, "FollowerStance_DONOTUSE", "", "10000000000000000000010000000000"
0x00000347, "FollowerStanceAllowCombatOverride_DONOTUSE", "", "10000000000000000000010000000000"
0x00000358, "HealRateMult", "", "10000000000000000001000000010000"
0x0000035B, "AimStability", "", "10000000000000000010000000000000"
0x0000036C, "PerceptionCondition", "Head", "10011010000000001001000000000000"
0x0000036D, "EnduranceCondition", "Torso", "10011010000000001001000000000000"
0x0000036E, "LeftAttackCondition", "Left Arm", "10011010000000001001000000000000"
0x0000036F, "RightAttackCondition", "Right Arm", "10011010000000001001000000000000"
0x00000370, "LeftMobilityCondition", "Left Leg", "10011010000000001001000000010000"
0x00000371, "RightMobilityCondition", "Right Leg", "10011010000000001001000000010000"
0x00000372, "BrainCondition", "Head Condition", "10011010000000001001000000000000"
0x00000375, "AvailableCondition3", "", "10010010000000001001000000000000"
0x00000389, "zzzVANSPerk_DELETE", "", "10000000000000000000000000010000"
0x00000391, "ShieldDamageResist", "", "10000000000000000000010000000000"
0x00000392, "ElectromagneticDamageResist", "Electromagnetic Resist", "10000000000000000000010000000000"
0x0000039D, "DockingPermission", "", "10000000000000000010000000001100"
0x000003A3, "ShipSystemWeaponGroup1Health", "", "10001010000000000000010000000000"
0x000003A4, "ShipSystemWeaponGroup2Health", "", "10001010000000000000010000000000"
0x000003A5, "ShipSystemWeaponGroup3Health", "", "10001010000000000000010000000000"
0x00000FEE, "SpaceshipShieldPower", "", "00000000000000000000010000000000"
0x00000FF6, "SpaceshipMainEnginePower", "Main Engines", "00000000000000000000010000000000"
0x00001018, "SpaceshipMaxAvailablePower", "Power Generated", "00000000000000000000010000000000"
0x00001885, "SpaceshipBoostFuel", "Boost Fuel", "00000000000000000010000000000000"
0x00001886, "SpaceshipBoostSpeed", "Boost Speed", "00000000000000000010000000000000"
0x0000188D, "SpaceshipBoostActive", "Boost Active", "00000000000000000000010000000000"
0x00001EA4, "SpaceshipShieldRedistributionRate", "Shield Redistribution Rate", "00000000000000000000010000000000"
0x00002963, "SpaceshipTargetLockTime", "Target Lock Time", "00000000000000000000010000000000"
0x00003BC5, "SpaceshipBoostLastStartTime", "Boost Last Start Time", "00000000000000000010000000000000"
0x00004213, "JumpCostMult", "", "00000000000000000000100000000000"
0x00005616, "BribeCount", "", "00000000000000000000010000000000"
0x00005B89, "SpaceshipEngineOnSoundPlayed", "EngineOnSoundPlayed", "00000000000000000000010000000000"
0x00005C9D, "SpaceshipShieldActivateSoundPlayed", "ShieldActivatedSoundPlayed", "00000000000000000000010000000000"
0x00005DA1, "SpaceshipShieldOnSoundPlayed", "ShieldOnSoundPlayed", "00000000000000000000010000000000"
0x00006527, "ResourceInorgUniqueAqueousHematite", "", "00000000000000000000010000000000"
0x0000652E, "LC088_Vigilance_CaptainEventCompletedValue", "", "00000000000000000000010000000000"
0x0000821D, "SpaceshipGravJumpInitiated", "Grav Jump Initiated", "00000000000000000000010000000000"
0x0000821E, "SpaceshipGravJumpCalculation", "Grav Jump Calculation", "00000000000000000000010000000000"
0x00008223, "SpaceshipGravJumpMaxPower", "Max Power", "00000000000000000000010000000000"
0x000083FF, "WorkshopHarvesterAtmosphere", "", "00000000000000000000010000000000"
0x00008407, "WorkshopHarvesterRateMultAV", "", "00000000000000000000100000000000"
0x0000854E, "SpaceshipGravJumpDistancePerFuel", "Jump Distance/Fuel", "00000000000000000000010000000000"
0x0000854F, "SpaceshipGravJumpFuel", "Grav Jump Fuel", "00000000000000000000010000000000"
0x00008550, "SpaceshipGravJumpDistancePerDamage", "Grav Jump Distance Per Damage", "00000000000000000000010000000000"
0x00008551, "SpaceshipGravJumpMaxDistance", "Grav Jump Max Distance", "00000000000000000000010000000000"
0x00008552, "SpaceshipGravJumpDamageDistanceReductionMultiplier", "Grav Jump Damage Distance Multiplier", "00000000000000000000010000000000"
0x00008553, "SpaceshipGravJumpFlatFuelCost", "Grav Jump Flat Fuel Cost", "00000000000000000000010000000000"
0x0000855E, "SpaceshipGravJumpInterplanetaryDistanceMultiplier", "Jump Distance Mult", "00000000000000000000010000000000"
0x000090A6, "ShieldRegenRateDelayDestroyed", "Regen Delay Destroy", "00000000000000000000010000000000"
0x000090A7, "ShieldRegenRateDelayDamaged", "Regen Delay Damage", "00000000000000000000010000000000"
0x000090A9, "ShieldRegenRateNonCombat", "Regen Non Combat", "00000000000000000000010000000000"
0x0000ACD9, "SpaceshipBuildableEnginePower", "Main Engines", "00000000000000000000010000000000"
0x0000ACDA, "SpaceshipBuildableThrusterPower", "Thrusters", "00000000000000000000010000000000"
0x0000ACDB, "SpaceshipPartMass", "Mass", "00000000000000000000010000000000"
0x0000ACDC, "SpaceshipEnginePartForce", "Engine Thrust", "00000000000000000000010000000000"
0x0000ACDD, "SpaceshipEnginePartMaxPower", "Max Power", "00000000000000000000010000000000"
0x0000ACDE, "SpaceshipThrusterPartForce", "Maneuvering Thrust", "00000000000000000000010000000000"
0x0000ACDF, "SpaceshipThrusterPartMaxPower", "", "00000000000000000000010000000000"
0x0000ACEB, "SpaceshipForwardSpeedMult", "", "00000000000000000000010000000000"
0x0000B554, "FFNewHomesteadZ01_Foreknowledge_AV", "", "00000000000000000000010000000000"
0x0000BE83, "SurveyingTraitBonus", "", "00000000000000000000010000000000"
0x0000CA26, "RQ_AV_TransportPerson_01_ShipProblem", "", "00000000000000000000010000000000"
0x0000CA27, "RQ_AV_TransportPerson_01_HabitatProblem", "", "00000000000000000000010000000000"
0x0000F65A, "OutpostBuildContainer", "", "00000000000000000000010000000000"
0x00011586, "ShipSystemDamageWeightWeaponSlotA", "", "00000000000000000000100000000000"
0x00011587, "ShipSystemDamageWeightWeaponSlotB", "", "00000000000000000000100000000000"
0x00011589, "ShipSystemDamageWeightEngine", "", "00000000000000000000100000000000"
0x0001158A, "ShipSystemDamageWeightShield", "", "00000000000000000000100000000000"
0x0001158B, "ShipSystemDamageWeightGravDrive", "", "00000000000000000000100000000000"
0x00015182, "UC_COMP_HeardVVGuardWarning", "", "00000000001000000000010000000000"
0x000155CF, "MB_Sabotage_CooldownAV", "", "00000000000000000000010000000000"
0x00018DFA, "SpaceshipPickupDistance", "Pickup Dist", "00000000000000000000010000000000"
0x00019080, "SpaceshipCrewRating", "Crew Capacity", "00000000000000000000010000000000"
0x0001CAC0, "SpaceshipRepairRate", "Repair Rate", "00000000000000000000100000000000"
0x0001E7DE, "SpaceshipPassengerSlots", "Passenger Slots", "00000000000000000000010000000000"
0x0001ECCD, "SpaceshipShieldPartMaxPower", "Max Power", "00000000000000000000010000000000"
0x0001ECCE, "SpaceshipBuildableShieldPower", "Shield Module", "00000000000000000000010000000000"
0x00022263, "SpaceshipKineticWeaponDamageMult", "", "00000000000000000000010000000000"
0x00022264, "SpaceshipEnergyWeaponDamageMult", "", "00000000000000000000010000000000"
0x00022265, "SpaceshipEMWeaponDamageMult", "", "00000000000000000000010000000000"
0x00023200, "AnimGraph_Speed", "Speed", "00000000000010000000100000000000"
0x00023236, "MQ401PlayerKnows_Vanguard", "", "00000000000000000000010000000000"
0x00023237, "MQ401PlayerKnows_UCSysDef", "", "00000000000000000000010000000000"
0x00023239, "MQ401PlayerKnows_TradeAuthority", "", "00000000000000000000010000000000"
0x0002323A, "MQ401PlayerKnows_Seokguh", "", "00000000000000000000010000000000"
0x0002323B, "MQ401PlayerKnows_LIST", "", "00000000000000000000010000000000"
0x0002323C, "MQ401PlayerKnows_EleosRetreat_StaffAreConvicts", "", "00000000000000000000010000000000"
0x0002323D, "MQ401PlayerKnows_HeatLeeches", "", "00000000000000000000010000000000"
0x0002323E, "MQ401PlayerKnows_EleosRetreat", "", "00000000000000000000010000000000"
0x00023288, "MQ401PlayerKnows_Ecliptic", "", "00000000000000000000010000000000"
0x00023295, "MQ401PlayerKnows_Bayu", "", "00000000000000000000010000000000"
0x00023297, "MQ401PlayerKnows_CrimsonFleet", "", "00000000000000000000010000000000"
0x00024021, "BoostpackFuel", "", "00000000000010000001000000000000"
0x0002466E, "BoostpackActive", "Boostpack Active", "00000000000000000000010000000000"
0x00025CCA, "FFNewHomesteadR05_Foreknowledge_AV", "", "00000000000000000000010000000000"
0x00027B64, "FFNewHomesteadR04_Foreknowledge_AV", "", "00000000000000000000010000000000"
0x000295D9, "AFFL_PrognosisAV_Infection_BrainInfection", "", "00000000000000000000010000000000"
0x000295DA, "AFFL_PrognosisAV_Infection_BoneInfection", "", "00000000000000000000010000000000"
0x000295DB, "AFFL_PrognosisAV_Infection_IntestinalInfection", "", "00000000000000000000010000000000"
0x000295DC, "AFFL_PrognosisAV_Infection_LungInfection", "", "00000000000000000000010000000000"
0x000295DD, "AFFL_PrognosisAV_Infection_TissueInfection", "", "00000000000000000000010000000000"
0x000295DE, "AFFL_PrognosisAV_Injury_BrainInjury", "", "00000000000000000000010000000000"
0x000295DF, "AFFL_PrognosisAV_Injury_Burns", "", "00000000000000000000010000000000"
0x000295E0, "AFFL_PrognosisAV_Injury_Concussion", "", "00000000000000000000010000000000"
0x000295E1, "AFFL_PrognosisAV_Injury_Contusions", "", "00000000000000000000010000000000"
0x000295E2, "AFFL_PrognosisAV_Injury_DislocatedLimb", "", "00000000000000000000010000000000"
0x000295E3, "AFFL_PrognosisAV_Injury_FracturedLimb", "", "00000000000000000000010000000000"
0x000295E4, "AFFL_PrognosisAV_Injury_FracturedSkull", "", "00000000000000000000010000000000"
0x000295E5, "AFFL_PrognosisAV_Injury_Frostbite", "", "00000000000000000000010000000000"
0x000295E6, "AFFL_PrognosisAV_Injury_Heatstroke", "", "00000000000000000000010000000000"
0x000295E7, "AFFL_PrognosisAV_Injury_Hernia", "", "00000000000000000000010000000000"
0x000295E8, "AFFL_PrognosisAV_Injury_Hypothermia", "", "00000000000000000000010000000000"
0x000295E9, "AFFL_PrognosisAV_Injury_Lacerations", "", "00000000000000000000010000000000"
0x000295EA, "AFFL_PrognosisAV_Injury_LungDamage", "", "00000000000000000000010000000000"
0x000295EB, "AFFL_PrognosisAV_Injury_Poisoning", "", "00000000000000000000010000000000"
0x000295EC, "AFFL_PrognosisAV_Injury_PunctureWounds", "", "00000000000000000000010000000000"
0x000295ED, "AFFL_PrognosisAV_Injury_RadiationPoisoning", "", "00000000000000000000010000000000"
0x000295EE, "AFFL_PrognosisAV_Injury_Sprain", "", "00000000000000000000010000000000"
0x000295EF, "AFFL_PrognosisAV_Injury_TornMuscle", "", "00000000000000000000010000000000"
0x0002A69F, "KioskTerminalInitialized", "", "00000000000010000000010000000000"
0x0002B344, "CarryWeightShielded", "CARGO - SHIELDED", "00000000000000000000010000000000"
0x0002BB80, "AmbushTriggered", "", "00000000000000000000010000000000"
0x0002C3D5, "COM_NoRelationshipPostUnity", "", "00000000000000000000010000000000"
0x0002DA12, "COM_AngerLevel", "", "00000000000000000000010000000000"
0x00030167, "COM_CommitmentQuest_Started", "", "00000000000000000000010000000000"
0x0003016D, "COM_CommitmentPossible", "", "00000000000000000000010000000000"
0x000313EB, "OutpostNoOutgoingTransferLink", "", "00000000000000000000010000000000"
0x00031975, "BE_SpaceshipTakenOver", "BE Takeoever", "00000000000000000000010000000000"
0x00032251, "SpaceshipCriticalHitChance", "", "00000000000000000000010000000000"
0x00032252, "SpaceshipCriticalHitDamageMultiplier", "", "00000000000000000000100000000000"
0x00034C13, "COM_Quest_Barrett_Q02_Complete_AV", "", "00000000000000000000010000000000"
0x0003C1C8, "CF07_ShipBuilderCheck_ConGrid", "", "00000000000000000000010000000000"
0x0003DEFE, "COM_Quest_SamCoe_JaylenBusy", "", "00000000000000000000010000000000"
0x0003F558, "ENV_Weather_CountHazardous", "", "00000000000000000000010000000000"
0x00040CDC, "JumpMult", "", "00000000000000000000010000000000"
0x00040CE0, "SpaceshipCrew", "Crew", "00000000000000000000010000000000"
0x00042E44, "PlayerIncomingShipDamageMultEnemyDebuff", "", "00000000000000000010000000000000"
0x00045CBE, "MQ207C_ForeknowledgeMergeAV", "", "10000000000000000000000000000000"
0x00046B2B, "ActorDetectionViewConeAngle", "", "00000000000000000000010000000000"
0x0004786A, "SpaceshipLandedValue", "Ship Landed", "00000000000000000000010000000000"
0x00048A4A, "PlayerShipTargettingAPCostMult", "", "00000001000000000000100000000000"
0x0004B3BF, "OutpostStarstationShips", "", "00000000000000000000010000000000"
0x0004BCEA, "MQ204SamDied", "", "00000000001000000000010000000000"
0x0004D2F0, "Debug_SpaceStormBolt_TestEffectRatioValue", "", "00000000000000000000010000000000"
0x00057F53, "MS04_MantisShip_PartCount", "", "00000000000000000000010000000000"
0x00058CDF, "ENV_AFFL_SkillChallengeAV_Injury", "", "00000000000000000000010000000000"
0x00058CE0, "ENV_AFFL_SkillChallengeAV_Infection", "", "00000000000000000000010000000000"
0x0005AC8A, "FFParadisoZ04_Foreknowledge_AV", "", "00000000000000000000010000000000"
0x0005AC8B, "FFParadisoZ03_Foreknowledge_AV", "", "00000000000000000000010000000000"
0x0005AC8C, "FFParadisoZ02_Foreknowledge_AV", "", "00000000000000000000010000000000"
0x0005ACD4, "TargetingModeActionPoints_AV", "Targeting Mode Action Points", "00010010000010001010000000010000"
0x0005BFA7, "ShieldRegenRate", "Regen Rate", "00000000000000000000010000000000"
0x0005BFA8, "ShieldMaxHealth", "Shield Max Health", "00000000000000000000010000000000"
0x0005C74B, "ShieldVolatileHealth", "Shield Health", "00000000000000000000010000000000"
0x0005DD46, "FFParadisoZ01_Foreknowledge_AV", "", "00000000000000000000010000000000"
0x0005E836, "SQ_WoundedState", "", "00000000000000000000010000000000"
0x0005ED85, "ResourceInorgCommonHelium3", "", "00000000000000000000010000000000"
0x0005EF10, "ResourceInorgUncommonAlkanes", "", "00000000000000000000010000000000"
0x0005EF11, "ResourceInorgUniqueAldumite", "", "00000000000000000000010000000000"
0x0005EF12, "ResourceInorgCommonAluminum", "", "00000000000000000000010000000000"
0x0005EF13, "ResourceInorgExoticAntimony", "", "00000000000000000000010000000000"
0x0005EF16, "ResourceInorgCommonArgon", "", "00000000000000000000010000000000"
0x0005EF18, "ResourceInorgCommonIron", "", "00000000000000000000010000000000"
0x0005EF1A, "ResourceInorgUncommonBeryllium", "", "00000000000000000000010000000000"
0x0005EF1B, "ResourceInorgUncommonChlorosilanes", "", "00000000000000000000010000000000"
0x0005EF1C, "ResourceInorgExoticCaesium", "", "00000000000000000000010000000000"
0x0005EF1D, "ResourceInorgUncommonCobalt", "", "00000000000000000000010000000000"
0x0005EF1E, "ResourceInorgCommonWater", "", "00000000000000000000010000000000"
0x0005EF1F, "ResourceInorgUniqueIndicite", "", "00000000000000000000010000000000"
0x0005EF20, "ResourceInorgExoticIonicLiquids", "", "00000000000000000000010000000000"
0x0005EF21, "ResourceInorgCommonLead", "", "00000000000000000000010000000000"
0x0005EF22, "ResourceInorgRareLithium", "", "00000000000000000000010000000000"
0x0005EF23, "ResourceInorgRareTantalum", "", "00000000000000000000010000000000"
0x0005EF25, "ResourceInorgRareNeodymium", "", "00000000000000000000010000000000"
0x0005EF26, "ResourceInorgExoticNeon", "", "00000000000000000000010000000000"
0x0005EF27, "ResourceInorgCommonNickel", "", "00000000000000000000010000000000"
0x0005EF29, "ResourceInorgRareTetrafluorides", "", "00000000000000000000010000000000"
0x0005EF2B, "ResourceInorgExoticPalladium", "", "00000000000000000000010000000000"
0x0005EF2D, "ResourceInorgRarePlatinum", "", "00000000000000000000010000000000"
0x0005EF2E, "ResourceInorgExoticPlutonium", "", "00000000000000000000010000000000"
0x0005EF2F, "ResourceInorgRareVanadium", "", "00000000000000000000010000000000"
0x0005EF30, "ResourceInorgUniqueRothicite", "", "00000000000000000000010000000000"
0x0005EF31, "ResourceInorgUncommonSilver", "", "00000000000000000000010000000000"
0x0005EF32, "ResourceInorgUncommonBenzene", "", "00000000000000000000010000000000"
0x0005EF34, "ResourceInorgUniqueTasine", "", "00000000000000000000010000000000"
0x0005EF35, "ResourceInorgRareTitanium", "", "00000000000000000000010000000000"
0x0005EF36, "ResourceInorgUncommonTungsten", "", "00000000000000000000010000000000"
0x0005EF37, "ResourceInorgCommonUranium", "", "00000000000000000000010000000000"
0x0005EF38, "ResourceInorgUniqueVeryl", "", "00000000000000000000010000000000"
0x0005EF39, "ResourceInorgUniqueVytinium", "", "00000000000000000000010000000000"
0x0005EF3A, "ResourceInorgExoticXenon", "", "00000000000000000000010000000000"
0x0005EF3B, "ResourceInorgExoticYtterbium", "", "00000000000000000000010000000000"
0x0005EF3C, "ResourceInorgExoticDysprosium", "", "00000000000000000000010000000000"
0x0005EF3D, "ResourceInorgUncommonIridium", "", "00000000000000000000010000000000"
0x0005EF74, "ResourceInorgCommonChlorine", "", "00000000000000000000010000000000"
0x0005EF75, "ResourceInorgCommonCopper", "", "00000000000000000000010000000000"
0x0005EF76, "ResourceInorgExoticEuropium", "", "00000000000000000000010000000000"
0x0005EF77, "ResourceInorgUncommonFluorine", "", "00000000000000000000010000000000"
0x0005EF78, "ResourceInorgRareGold", "", "00000000000000000000010000000000"
0x0005FBBB, "PowerCanBePowered", "", "00000000000000000000010000000000"
0x00062702, "LC043_GuardPackageControlValue", "", "00000000000000000000010000000000"
0x00063FC5, "OutpostBuildAreaRadius", "", "00000000000000000000010000000000"
0x000675C7, "SpaceCloudHazardValue_Distortion", "", "00000000000000000000010000000000"
0x0006A256, "SpaceshipBoostRechargeRate", "Boost Recharge Rate", "00000000000000000010000000000000"
0x0006BAD3, "MissionRewardMultiplier", "", "00000000000000000000010000000000"
0x0006CA31, "WorkshopRestrictedBuildRadius", "", "00000000000000000000010000000000"
0x0006D17D, "CREW_Elite_IsAngry", "", "00000000000000000000010000000000"
0x0006DFC9, "RQ_AV_Dungeon_LocTheme", "", "00000000000000000000010000000000"
0x0006E89A, "MissionBoardDisembark", "", "00000000000000000000010000000000"
0x00073742, "COM_PersonalQuest_Started", "", "00000000000000000000010000000000"
0x00073743, "COM_PersonalQuest_Finished", "", "00000000000000000000010000000000"
0x0007AA35, "TargetCountAV", "", "00000000000010000000010000000000"
0x0007C84A, "MQ_Starborn_PreviousKill", "", "00000000000000000000010000000000"
0x0007DB1F, "COM_Companion_Barrett_AV_TimesFinishedGagarin", "", "00000000000000000000010000000000"
0x00087586, "SpaceshipSlowdownMultiplier", "", "00000001000000000000100000000000"
0x0008AF8C, "FFConstantZ06_ForeknowledgeAV", "", "00000000000000000000010000000000"
0x000906EF, "FFConstantZ05_ForeknowledgeAV", "", "00000000000000000000010000000000"
0x000906F0, "FFConstantZ04_ForeknowledgeAV", "", "00000000000000000000010000000000"
0x000924F7, "OutpostSurveyBoost", "", "00000000000000000000010000000000"
0x00092E24, "SpaceshipMaxAngularYVelocity", "MaxAngularXAcceleration", "00000000000000000000010000000000"
0x00094179, "OE_Civilians_DIAL_Topic04", "", "00000000000000000000010000000000"
0x000941A4, "OE_Civilians_DIAL_LeaderGender", "", "00000000000000000000010000000000"
0x000941D5, "Trait_Wanted_SE_Cooldown_AVIF", "", "00000000000000000010000000000000"
0x00094D43, "MS06_EndForeknowledgeAV", "", "00000000000000000000010000000000"
0x00094D44, "MS06_ECSForeknowledgeAV", "", "00000000000000000000010000000000"
0x000963E6, "COM_PQ_LockedIn", "", "00000000000000000000010000000000"
0x0009C318, "UC_COMP_KnowsVaeVictisLives", "", "00000000001000000000010000000000"
0x000A0277, "CF04_ESATalk", "", "00000000000000000000010000000000"
0x000A1B80, "COM_Affinity", "Affinity", "00000000000000000000010000000000"
0x000A46FF, "OutpostCargoLinkAV", "", "00000000000000000000010000000000"
0x000A73F8, "ActorShouldShowSpacesuitCosmetic_AV", "", "00000000000000000000010000000000"
0x000AD3DA, "ForceGreetOn", "", "00000000000000000000010000000000"
0x000ADE06, "UC09_Foreknowledge_VVCommittedTheAttacksAV", "", "00000000000000000000010000000000"
0x000AF34F, "SpaceCloudHazardValue_Storm", "", "00000000000000000000010000000000"
0x000B119F, "SG02_ForeknowledgeAV", "", "00000000000000000000010000000000"
0x000B120B, "ActorShouldHideSpacesuitHelmetCosmeticBreathable_AV", "", "00000000000000000000010000000000"
0x000B120C, "ActorShouldHideSpacesuitCosmeticSettlement_AV", "", "00000000000000000000010000000000"
0x000B120D, "ActorShouldForceHideSpacesuitHelmet_AV", "", "00000000000000000000010000000000"
0x000B120E, "ActorShouldForceHideSpacesuit_AV", "", "00000000000000000000010000000000"
0x000B3321, "City_CY_Startup01_Convince_Foreknowledge_AV", "", "00000000000000000000010000000000"
0x000B4178, "EquippedArmorChanceToDropMult", "", "00000000000000000000010000000000"
0x000BA43D, "FallingDamageMod", "", "00000000000000000000010000000000"
0x000BC8C6, "UC05_Foreknowledge_RadcliffWantsOversightAV", "", "00000000000000000000010000000000"
0x000BD68A, "Crucible01_ForeknowledgeAV", "", "00000000000000000000010000000000"
0x000C0BF6, "PrecognitionAV", "", "00000000000000000000010000000000"
0x000C1125, "ShieldMaxHealthMult", "Shield Max Health Multiplier", "00000000000000000000100000000000"
0x000C55B1, "SpaceshipRegistration", "", "00000000000000000000010000000000"
0x000C6AFB, "COM_WantsToTalk_CrimsonFleet_Cooldown", "", "00000000000000000010000000000000"
0x000C6AFE, "COM_WantsToTalk_FreestarCollective_Cooldown", "", "00000000000000000010000000000000"
0x000C6B01, "COM_WantsToTalk_MQ104A_Cooldown", "", "00000000000000000010000000000000"
0x000C73A1, "COM_WantsToTalk_MQ106_Cooldown", "", "00000000000000000010000000000000"
0x000C7B51, "LC165_AdversaryFleeValue", "", "00000000000000000000010000000000"
0x000C8F68, "COM_WantsToTalk_MQ204_Cooldown", "", "00000000000000000010000000000000"
0x000C9AF4, "ENV_AFFL_SkillChance_PreventInfection", "", "00000000000000000000010000000000"
0x000C9AF6, "ENV_AFFL_SkillChance_PreventInjury", "", "00000000000000000000010000000000"
0x000C9D67, "COM_WantsToTalk_MQ207_Cooldown", "", "00000000000000000010000000000000"
0x000C9D86, "COM_WantsToTalk_MQ305_Cooldown", "", "00000000000000000010000000000000"
0x000CA649, "COM_WantsToTalk_RyujinFaction_Cooldown", "", "00000000000000000010000000000000"
0x000CAC22, "COM_WantsToTalk_UnitedColonies_Cooldown", "", "00000000000000000010000000000000"
0x000D05F5, "FFCydoniaZ01_Foreknowledge_AV", "", "00000000000000000000010000000000"
0x000D0D89, "COM_Quest_SamCoe_CoraState", "", "00000000000000000000010000000000"
0x000D0F42, "KioskTerminalNoSaleFlag", "", "00000000000010000000010000000000"
0x000D135B, "SpaceshipRampDown", "", "00000000000000000000010000000000"
0x000D2127, "KioskTerminalItemCount", "", "00000000000000000000010000000000"
0x000D345D, "City_ER_Exorcism_Foreknowledge_IntimidatedTrackersAV", "", "00000000000000000000010000000000"
0x000D5A78, "FFCydoniaZ04_ForeknowledgeAV", "", "00000000000000000000010000000000"
0x000D6E17, "MQ207_NGPlusCouncilAV", "", "00000000000000000000010000000000"
0x000D97F3, "DMP_ReleaseHoldPosition", "", "00000000000000000000010000000000"
0x000DBD6F, "FFCydoniaR03_Foreknowledge_BooksAV", "", "00000000000000000000010000000000"
0x000DF47D, "Commitment_SamCoe_State", "", "00000000000000000000010000000000"
0x000E27DA, "City_CY_Runaway01_Foreknowledge_RivkahSickAV", "", "00000000000000000000010000000000"
0x000E27DB, "City_CY_Runaway01_Foreknowledge_NatanPeacefulAV", "", "00000000000000000000010000000000"
0x000E5397, "UC04_Foreknowledge_OpenedArchivesAV", "", "00000000000000000000010000000000"
0x000E73B4, "SpaceCloudUpdateTimestampValue_Distortion", "", "00000000000000000000010000000000"
0x000E73C7, "SpaceCloudUpdateTimestampValue_Storm", "", "00000000000000000000010000000000"
0x000E8D3A, "City_CY_Psych01_Foreknowledge_AV", "", "00000000000000000000010000000000"
0x000ED7D7, "City_CY_RedTape03_Foreknowledge_HankInBarAV", "", "00000000000000000000010000000000"
0x000ED7D9, "City_CY_RedTape01_ForeknowledgeAV", "", "00000000000000000000010000000000"
0x000ED7DA, "City_CY_RedTape02_ForeknowledgeAV", "", "00000000000000000000010000000000"
0x000ED7DC, "City_CY_RedTape02_Foreknowledge_PirateAV", "", "00000000000000000000010000000000"
0x000ED7DD, "City_CY_RedTape03_Foreknowledge_HankAtShipAV", "", "00000000000000000000010000000000"
0x000EE02B, "BEWaitingForLandingRampValue", "", "00000000000000000000010000000000"
0x000F59A9, "MS02_ForeknowledgeAV", "", "00000000000000000000010000000000"
0x000F8A85, "UC_NA_CL_ReadingScene_Interrupted", "", "00000000001000000000010000000000"
0x000FC67C, "UC03_Foreknowledge_HelpedPercivalAV", "", "00000000000000000000010000000000"
0x000FC911, "SpaceshipAngularForcePerPower", "", "00000000000000000000010000000000"
0x000FC912, "SpaceshipLateralForcePerPower", "", "00000000000000000000010000000000"
0x000FC913, "SpaceshipForwardForcePerPower", "", "00000000000000000000010000000000"
0x000FE08D, "LC165_Starborn_Bridge_HasPerformedInitialTeleportValue", "", "10000000000000000000000000000000"
0x000FE09A, "LC165_Starborn_Bridge_CombatStyleValue", "", "10000000000000000000000000000000"
0x000FFD8A, "SpaceshipCriticalHitCrew", "", "00000000000000000000010000000000"
0x00100546, "NeuroampNeuroBoost01_AV", "", "00000000000000000010000000000000"
0x00100547, "NeuroampNeuroBoost02_AV", "", "00000000000000000010000000000000"
0x00100548, "NeuroampNeuroBoost03_AV", "", "00000000000000000010000000000000"
0x00100549, "NeuroampNeuroCom01_AV", "", "00000000000000000010000000000000"
0x0010054A, "NeuroampNeuroCom02_AV", "", "00000000000000000010000000000000"
0x0010054B, "NeuroampNeuroCom03_AV", "", "00000000000000000010000000000000"
0x0010054C, "NeuroampNeuroTac01_AV", "", "00000000000000000010000000000000"
0x0010054D, "NeuroampNeuroTac02_AV", "", "00000000000000000010000000000000"
0x0010054E, "NeuroampNeuroTac03_AV", "", "00000000000000000010000000000000"
0x00101CB3, "Beowulf_Receiver_BF", "", "00000000000000000010000000000000"
0x00101CB4, "Beowulf_Receiver_FA", "", "00000000000000000010000000000000"
0x00101CB7, "VFXTargetDistance", "FX Distance", "00000000000010000000010000000000"
0x00101CB8, "FastTravelOverEncumbered", "", "00000000000000000000010000000000"
0x001033AD, "SpaceshipLadderHeight", "", "00000000000000000000010000000000"
0x001047A0, "SQ_StationTrafficManagerPackageValue", "", "00000000000000000000010000000000"
0x0010A1DD, "Drumbeat_Receiver_BF", "", "00000000000000000010000000000000"
0x0010A1DE, "Equinox_Receiver_FA", "", "00000000000000000010000000000000"
0x0010A1DF, "Grendel_Receiver_SA", "", "00000000000000000010000000000000"
0x0010A1E0, "Eon_Receiver_BF", "", "00000000000000000010000000000000"
0x0010A1E1, "Eon_Receiver_BT", "", "00000000000000000010000000000000"
0x0010A1E2, "Drumbeat_Receiver_SA", "", "00000000000000000010000000000000"
0x0010A1E3, "Coachman_Mag_EM", "", "00000000000000000010000000000000"
0x0010A1E4, "AA99_Receiver_SA", "", "00000000000000000010000000000000"
0x0010A1E5, "InflictorPistol_Receiver_BF", "", "00000000000000000010000000000000"
0x0010A1E6, "Kodama_Receiver_BF", "", "00000000000000000010000000000000"
0x0010A1E7, "Maelstrom_Receiver_SA", "", "00000000000000000010000000000000"
0x0010A1E8, "Solstice_Receiver_FA", "", "00000000000000000010000000000000"
0x0010EAA0, "CF08_FleetComplete_AV", "", "00000000000000000000010000000000"
0x0010EAB7, "CF08_SysDefComplete_AV", "", "00000000000000000000010000000000"
0x0010EAB8, "CF08_KibweKilled_AV", "", "00000000000000000000010000000000"
0x00111F61, "PlanetTraitAV26GravitationalAnomaly", "", "00000000000000000000010000000000"
0x001122C5, "Backpack_EmergencyAid_Delay", "", "00000100000010000000010000000000"
0x00116827, "SpaceStormBoltTimestampValue", "", "00000000000000000000010000000000"
0x0011A47E, "ColonyPlayerAskedAbout_Reason", "", "00000000000000000000010000000000"
0x0011C57B, "MS05_Foreknowledge_FrankConvinceAV", "", "00000000000000000000010000000000"
0x0011C57C, "MS05_Foreknowledge_JulesConvinceAV", "", "00000000000000000000010000000000"
0x001209E4, "SpaceshipSystemDamageMult", "", "00000000000000000010000000000000"
0x001209E6, "SpaceshipSystemDamageChance", "", "00000000000000000000100000000000"
0x0012310D, "TRP_AV_Pressurized", "", "00000000000000000000010000000000"
0x0012310E, "TRP_AV_Broken", "", "00000000000000000000010000000000"
0x00123A59, "RAD04_TrackerGaveQuest", "", "00000000000000000000010000000000"
0x001259DE, "Ashta03_Foreknowledge_DavisDiesAV", "", "00000000000000000000010000000000"
0x001259DF, "Ashta03_Foreknowledge_CompletedQuestAV", "", "00000000000000000000010000000000"
0x001259E0, "MS04_Foreknowledge_LivveyBetrayalAV", "", "00000000000000000000010000000000"
0x001259E1, "MS01_ForeknowledgeAV", "", "00000000000000000000010000000000"
0x001259E7, "Hope02_Foreknowledge_KilledErnestoAV", "", "00000000000000000000010000000000"
0x001259E8, "Gang03_Foreknowledge_HelpedStrikersAV", "", "00000000000000000000010000000000"
0x001259E9, "Chem02_Foreknowledge_YannickBayuAV", "", "00000000000000000000010000000000"
0x00127239, "OutpostLastAttackTimestamp", "", "00000000000000000000010000000000"
0x00127C30, "COM_WantsToTalk_COM_Barrett_PersonalQuestFollowup", "", "00000000000000000000010000000000"
0x00129A8C, "OutpostTutorialObject", "", "00000000000000000000010000000000"
0x0012B46D, "LC165_ResurrectableCorpseKilledOnLoadValue", "", "10000000000000000000000000000000"
0x0012B470, "LC165_StarbornMovementHealthPercentStampValue", "", "10000000000000000000000000000000"
0x0012C6C0, "LC165_StarbornMovementReachedTargetTimestampValue", "", "10000000000000000000000000000000"
0x0012D0E0, "LC088_Vigilance_PlayAnnouncementValue", "", "00000000000000000000010000000000"
0x0012D10A, "LC165_StarbornMovementUpdateTimestampValue", "", "10000000000000000000000000000000"
0x0012F4AC, "LC088_Ops_MovementUpdateHealthPercentStampValue", "", "00000000000000000000010000000000"
0x0012F4AD, "LC088_Ops_MovementUpdateTimestampValue", "", "00000000000000000000010000000000"
0x0012F4AE, "LC088_Ops_BossHoldPositionValue", "", "00000000000000000000010000000000"
0x00133697, "LGND_LessDmgMelee", "", "00000000000000000000010000000000"
0x0013369B, "LGND_LessDmgEnergy", "", "00000000000000000000010000000000"
0x0013369D, "LGND_LessDmgBallistic", "", "00000000000000000000010000000000"
0x00136FE2, "RAD06_DeliveryAmountAV", "", "00000000000000000000010000000000"
0x00136FF3, "RAD06_CurrentQuantityAV", "", "00000000000000000000010000000000"
0x00137053, "PayloadLevel", "", "00000000000000000000010000000000"
0x0013A04B, "Cached_PreFollowerAggression", "", "00000000000000000010000000000000"
0x0013BB22, "BoostPackHoverFuelDrainAV", "", "00000000000000000000010000000000"
0x0013C228, "ClothingCommanding01_AV", "", "00000000000000000010000000000000"
0x0013F2C5, "MB_PlantEvidence_CooldownAV", "", "00000000000000000000010000000000"
0x0013F726, "MB_Hack_CooldownAV", "", "00000000000000000000010000000000"
0x00142634, "FC01_Completed", "", "00000000000000000000010000000000"
0x0014263B, "FC02_Completed", "", "00000000000000000000010000000000"
0x00142722, "FC03_Completed", "", "00000000000000000000010000000000"
0x001427B3, "FC04_Completed", "", "00000000000000000000010000000000"
0x001427B4, "FC05_Completed", "", "00000000000000000000010000000000"
0x001427B5, "FC06_Completed", "", "00000000000000000000010000000000"
0x001427B6, "FC08_Completed", "", "00000000000000000000010000000000"
0x00143463, "UC_GG_Mark_Foreknowledge_BonifacKidnappedAV", "", "00000000000000000000010000000000"
0x00143509, "NativeTerminalDisplayCase_Count", "", "00000000000000000000010000000000"
0x0014350A, "NativeTerminalDisplayCase_AnyWeaponRack", "", "00000000000000000000010000000000"
0x0014350B, "NativeTerminalDisplayCase_AnyWeaponCase", "", "00000000000000000000010000000000"
0x0014350C, "NativeTerminalDisplayCase_AnyLocked", "", "00000000000000000000010000000000"
0x0014350D, "NativeTerminalTrap_AnyActive", "", "00000000000000000000010000000000"
0x0014350E, "NativeTerminalAlarm_AnyEnabled", "", "00000000000000000000010000000000"
0x0014350F, "NativeTerminalAlarm_AnyOn", "", "00000000000000000000010000000000"
0x00143510, "NativeTerminalDoor_Count", "", "00000000000000000000010000000000"
0x00143511, "NativeTerminalDoor_AnyLocked", "", "00000000000000000000010000000000"
0x00143512, "NativeTerminalDoor_AnyClosed", "", "00000000000000000000010000000000"
0x0014365D, "NativeTerminalDoor_HasLoadDoors", "", "00000000000000000000010000000000"
0x0014365E, "NativeTerminalDoor_HasDoors", "", "00000000000000000000010000000000"
0x00143663, "NativeTerminalRobot_AllRobotsTeammate", "", "00000000000000000000010000000000"
0x00143664, "NativeTerminalRobot_AllRobotsFrenzied", "", "00000000000000000000010000000000"
0x00143667, "NativeTerminalRobot_AnyRobotsAlive", "", "00000000000000000000010000000000"
0x00143669, "NativeTerminalRobot_HasRobots", "", "00000000000000000000010000000000"
0x0014366B, "NativeTerminalRobot_HasRobotPod", "", "00000000000000000000010000000000"
0x0014366D, "NativeTerminalRobot_AnyRobotsActive", "", "00000000000000000000010000000000"
0x001447B7, "QuantumEssence", "", "00000000000000000000010000000000"
0x00147E2D, "OxygenUseMult", "", "00000000000010000000100000000000"
0x001497B0, "Stim_Health_Structural", "", "00000000000000000001000000000000"
0x001497B1, "Stim_Resist_Structural", "", "00000000000000000001000000000000"
0x0014FB61, "SE_Player_ZW16_Demeanor_AV", "", "00000000000000000000010000000000"
0x0015195D, "SBTempleDoorWaiting", "", "00000000000000000000010000000000"
0x0015281D, "PiracySurrenderCountAV", "", "00000000000000000000010000000000"
0x0015A8B2, "PABatteryDamageRate", "Power Armor Battery Damage Rate", "00000000000000000000100000000000"
0x0015BE23, "ComputersAchievementAV", "", "00000000000000000000010000000000"
0x0015E282, "RESpawnCounter", "", "10000000000000000000000000000000"
0x00160030, "SpaceshipCrewCommandSlots", "Crew Command Slots", "00000000000000000000010000000000"
0x00160D85, "BEDisembarkWithWeaponsDrawnValue", "", "00000000000000000000010000000000"
0x001626A6, "SQ_CCT_Enviro_Cooldown", "", "00000000000000000000010000000000"
0x001655C6, "SpaceshipEMDamageRecoveryRateWeaponSlotC", "", "00000000000000000000100000000000"
0x001656D9, "SpaceshipEMDamageRecoveryRateWeaponSlotB", "", "00000000000000000000100000000000"
0x001656DB, "SpaceshipEMDamageRecoveryRateWeaponSlotA", "", "00000000000000000000100000000000"
0x001656DC, "SpaceshipEMDamageRecoveryRateShield", "", "00000000000000000000100000000000"
0x001656DD, "SpaceshipEMDamageRecoveryRateGravDrive", "", "00000000000000000000100000000000"
0x0016570B, "SpaceshipEMDamageRecoveryRateEngine", "", "00000000000000000000100000000000"
0x00165712, "SpaceshipEMDamageRecoveryRate", "EM Damage Recovery Rate", "00000000000000000000100000000000"
0x0016A5CC, "FC09_Completed", "", "00000000000000000000010000000000"
0x0016AA02, "CF06_ConductionGrid_AV", "", "00000000000000000000010000000000"
0x0016AA03, "CF05_ComSpike_AV", "", "00000000000000000000010000000000"
0x0016D9A8, "PlayerIncomingShipDamageMult", "", "00000000000000000010000000000000"
0x00171035, "SQ_StationTrafficManagerTimestampValue", "", "10000000000000000000000000000000"
0x00172F8E, "CrewReassignDisabled", "", "00000000000000000000010000000000"
0x00172F8F, "CrewSlotCost", "", "00000000000000000000100000000000"
0x00179020, "LC165MarkerLoadedValue", "", "10000000000000000000000000000000"
0x0017AD8C, "COM_CREW_GiveItemEmbarksCount_OBSOLETE", "", "00000000000000000000010000000000"
0x0017AD91, "COM_CREW_GiveItemAvailableDay", "", "00000000000000000010000000000000"
0x0017B8C6, "CF07_ShipBuilderCheck_ComSpike", "", "00000000000000000000010000000000"
0x0017E762, "AnimGraph_Position", "Position", "00000000000010000000100000000000"
0x0017F3E2, "UCR01_QuestComplete", "", "00000000001000000000010000000000"
0x0017F3E3, "UCR01_QuestComplete01", "", "10000000010000000000000000000010"
0x0017F59B, "AnimGraph_StateA02Index", "StateA02Index", "00000000000010000000100000000000"
0x0017F59C, "AnimGraph_StateA01Index", "StateA01Index", "00000000000010000000100000000000"
0x0017F59F, "AnimGraph_StateB01Index", "StateB01Index", "00000000000010000000100000000000"
0x0017F5A0, "AnimGraph_StateB02Index", "StateB02Index", "00000000000010000000100000000000"
0x0017F5A1, "AnimGraph_SetColorA", "SetColorA", "00000000000010000000100000000000"
0x0017F5A2, "AnimGraph_SetColorB", "SetColorB", "00000000000010000000100000000000"
0x0017F5AE, "AnimGraph_SetStateA", "SetStateA", "00000000000010000000100000000000"
0x00182FC4, "FFCydoniaZ07_Foreknowledge_AV", "", "00000000000000000000010000000000"
0x00184DE3, "PowerCellReceptacleAV", "", "00000000000000000000010000000000"
0x0018787E, "SpaceshipMaxAngularXVelocity", "MaxAngularXAcceleration", "00000000000000000000010000000000"
0x00187C9E, "LC165_StarbornStateValue", "", "00000000000000000000010000000000"
0x00188C89, "LC165_BossHoldPositionValue", "", "00000000000000000000010000000000"
0x0018C355, "Freeze", "Freeze", "10000000000000000000000000000000"
0x00195417, "SpaceshipDriftActive", "Drift Active", "00000000000000000000010000000000"
0x00198BB8, "SpaceshipReactorPower", "", "00000000000000000000010000000000"
0x0019E65E, "VendingMachineResetGameTimeAV", "", "00000000000000000000010000000000"
0x001A4CF4, "DialogueGenericPiracyShipsAV", "", "00000000000000000000010000000000"
0x001A4D09, "SpaceshipExternalLightsDisabledValue", "Ship Landed", "00000000000000000000010000000000"
0x001A62C4, "HideShipFromHUDValue", "", "00000000000000000000010000000000"
0x001A8FD4, "LC088_Vigilance_Brig_PrisonerFoundWeaponValue", "", "00000000000000000000010000000000"
0x001AE52C, "SpaceshipScanJammer", "Jammer", "00000000000000000000010000000000"
0x001AEE94, "REFactionShared_IsAttacker", "", "10000000000000000000000000000000"
0x001B003D, "Stim_Health_Physical", "", "00000000000000000001000000000000"
0x001B02CF, "SpaceshipGravJumpCurrentPower", "Grav Drive", "00000000000000000000010000000000"
0x001B220E, "AnimGraph_AnimSpeed", "AnimSpeed", "00000000000010000000100000000000"
0x001B7BF0, "FXAV_ParticleLife", "", "00000000000000000010000000000000"
0x001B7BF1, "FXAV_Generic_01", "", "00000000000000000000010000000000"
0x001B84A1, "MS02_LeaderReadyToFight", "", "00000000000000000000010000000000"
0x001BBAC3, "MQ207C_Nishina01GuidanceTriggerValue", "", "10000000000000000000000000000000"
0x001BDC5C, "PlanetTraitLocationScanCountRequired", "", "00000000000000000000010000000000"
0x001C20E7, "RQ_AV_EnemyGroup", "", "00000000000000000000010000000000"
0x001C3948, "RQ_AV_SecondaryObjectiveSuccess", "", "00000000000000000000010000000000"
0x001C3949, "RQ_AV_PrimaryObjectiveSuccess", "", "00000000000000000000010000000000"
0x001C394A, "RQ_AV_SecondaryObjectiveKnown", "", "00000000000000000000010000000000"
0x001C394B, "RQ_AV_SecondaryObjectiveFail", "", "00000000000000000000010000000000"
0x001C394C, "RQ_AV_PrimaryObjectiveKnown", "", "00000000000000000000010000000000"
0x001C394E, "RQ_AV_PrimaryObjectiveFail", "", "00000000000000000000010000000000"
0x001C3960, "SQ_CaptiveState", "", "00000000000000000000010000000000"
0x001C48D9, "CFSD01EvidenceMax", "", "00000000000000000010000000000000"
0x001C97E3, "LC012_CreatureAttack", "", "00000000000000000000010000000000"
0x001D00F4, "AnimGraph_SetStateB", "SetStateB", "00000000000010000000100000000000"
0x001D00F5, "AnimGraph_CurrentSpeed", "CurrentSpeed", "00000000000010000000100000000000"
0x001D3028, "DefaultPassengerState", "", "00000000000000000000010000000000"
0x001D3D7A, "ShipSystemDamageWeightWeapon", "", "00000000000000000000100000000000"
0x001D5A37, "FC_EncryptedSlatesCollectedAV", "", "00000000000000000000010000000000"
0x001DDCDF, "FreestarRangerRank", "", "00000000000000000000010000000000"
0x001DE429, "Stim_Health_Energy", "", "00000000000000000001000000000000"
0x001DEDB4, "CFSD01EvidenceTotal", "", "00000000000000000000010000000000"
0x001DF25F, "Stim_Resist_Shocking", "", "00000000000000000001000000000000"
0x001DF260, "Stim_Resist_Flame", "", "00000000000000000001000000000000"
0x001E0656, "CFSD01Evidence", "", "00000000000000000000010000000000"
0x001E4037, "PackinAutoCreatePowerLinks", "", "00000000000000000000010000000000"
0x001E99AA, "COM_WantsToTalk_RyujinFaction", "", "00000000000000000000010000000000"
0x001E99AB, "COM_WantsToTalk_UnitedColonies", "", "00000000000000000000010000000000"
0x001E99AC, "COM_WantsToTalk_CrimsonFleet", "", "00000000000000000000010000000000"
0x001E99AD, "COM_WantsToTalk_FreestarCollective", "", "00000000000000000000010000000000"
0x001E99AE, "COM_WantsToTalk_MQ305_Unity", "", "00000000000000000000010000000000"
0x001E99AF, "COM_WantsToTalk_MQ305", "", "00000000000000000000010000000000"
0x001E99B0, "COM_WantsToTalk_MQ207", "", "00000000000000000000010000000000"
0x001E99B1, "COM_WantsToTalk_MQ204", "", "00000000000000000000010000000000"
0x001E99B2, "COM_WantsToTalk_MQ106", "", "00000000000000000000010000000000"
0x001E99B4, "COM_WantsToTalk_MQ104A", "", "00000000000000000000010000000000"
0x001E99B6, "COM_WantsToTalk_AAA", "", "00000000000000000000010000000000"
0x001EA0D4, "COM_FlirtChoice", "", "00000000000000000000010000000000"
0x001EA0D6, "COM_FlirtCooldownExpiry", "", "00000000000000000000010000000000"
0x001EB901, "OutpostEventsPackinDummyOnly", "", "00000000000000000000010000000000"
0x001EB998, "AddictionCount", "", "00000000000000000000010000000000"
0x001EC77E, "ShipSystemWeaponEMHealth", "", "00000001000000000000010000000000"
0x001EC77F, "ShipSystemWeaponHealth", "", "00000001000000000000010000000000"
0x001EC96F, "OutpostBulldozeOnlyAV", "", "00000000000000000000010000000000"
0x001EE8C9, "ShipSystemShieldsHealth", "", "00000001000000000000010000000000"
0x001EF0C1, "ShipSystemGravDriveEMHealth", "EM Health", "00000001000000000000010000000000"
0x001EF0C2, "ShipSystemEngineEMHealth", "Engine EM Health", "00000001000000000000010000000000"
0x001EF0CA, "ShipSystemReactorHealth", "Reactor Health", "00000001000000000000010000000000"
0x001EF0CB, "ShipSystemGravDriveHealth", "Grav Drive Health", "00000001000000000000010000000000"
0x001EF0CC, "ShipSystemShieldsEMHealth", "EM Health", "00000001000000000000010000000000"
0x001EF0CD, "ShipSystemEngineHealth", "Engine Health", "00000001000000000000010000000000"
0x001EF0CE, "ShipSystemDamageMult", "", "00000000000000000000100000000000"
0x001F0EDD, "ArmorMod_Suit_DamageResist_PHYS", "", "00000000000000000000010000000000"
0x001F0EDF, "ArmorMod_Helm_DamageResist_PHYS", "", "00000000000000000000010000000000"
0x001F1DEC, "LGND_LessDmgCreatures", "", "00000000000000000000010000000000"
0x001F1DF2, "LGND_LessDmgHumans", "", "00000000000000000000010000000000"
0x001F36BF, "MQ_ArmillaryResourceAV", "", "00000000000000000000010000000000"
0x001F3C3A, "MQ305JumpedToUnity", "", "00000000000000000000010000000000"
0x001F50AA, "WeaponMod_Amplifier", "", "00000000000000000010000000000000"
0x001F50D1, "WeaponMod_HighPowered", "", "00000000000000000010000000000000"
0x001F535E, "WeaponMod_ArmorPiercing_ReduceResistance", "", "00000000000000000010000000000000"
0x001F5497, "WeaponMod_ArmorPiercing_DMG", "", "00000000000000000010000000000000"
0x001F5498, "WeaponMod_DepletedUranium_ReduceResistance", "", "00000000000000000010000000000000"
0x001F558C, "WeaponMod_DepletedUranium_DMG", "", "00000000000000000010000000000000"
0x001F55F7, "WeaponMod_Flechette_DMG", "", "00000000000000000010000000000000"
0x001F55F8, "WeaponMod_GutBuster_DMG", "", "00000000000000000010000000000000"
0x001F55F9, "WeaponMod_IgnitionBeams_DMG", "", "00000000000000000010000000000000"
0x001F55FA, "WeaponMod_PenetratorRounds_DMG", "", "00000000000000000010000000000000"
0x001F55FB, "WeaponMod_Slug_DMG", "", "00000000000000000010000000000000"
0x001F565D, "WeaponMod_XPL_DMG", "", "00000000000000000010000000000000"
0x001F565E, "WeaponMod_FocusNozzle_DMG", "", "00000000000000000010000000000000"
0x001F565F, "WeaponMod_MagneticRails_DMG", "", "00000000000000000010000000000000"
0x001F7C4D, "Stim_Health_Freezing", "", "00000000000000000001000000000000"
0x001F7F2B, "SQ_CargoShipsProhibited", "", "00000000000000000000010000000000"
0x001F818A, "MQ_ArmillaryComplete", "", "00000000000000000000010000000000"
0x001F81E6, "LGND_LessDmgRobots", "", "00000000000000000000010000000000"
0x001FA8B4, "ResMissionSupplyNeedAV108", "", "00000000000000000000010000000000"
0x001FA8B5, "ResMissionSupplyNeedAV107", "", "00000000000000000000010000000000"
0x001FA8B6, "ResMissionSupplyNeedAV106", "", "00000000000000000000010000000000"
0x001FA8B7, "ResMissionSupplyNeedAV105", "", "00000000000000000000010000000000"
0x001FA8B8, "ResMissionSupplyNeedAV104", "", "00000000000000000000010000000000"
0x001FA8B9, "ResMissionSupplyNeedAV103", "", "00000000000000000000010000000000"
0x001FA8BA, "ResMissionSupplyNeedAV102", "", "00000000000000000000010000000000"
0x001FA8BB, "ResMissionSupplyNeedAV101", "", "00000000000000000000010000000000"
0x001FA8BC, "ResMissionSupplyNeedAV100", "", "00000000000000000000010000000000"
0x001FA8BD, "ResMissionSupplyNeedAV099", "", "00000000000000000000010000000000"
0x001FA8BE, "ResMissionSupplyNeedAV098", "", "00000000000000000000010000000000"
0x001FA8BF, "ResMissionSupplyNeedAV097", "", "00000000000000000000010000000000"
0x001FA8C0, "ResMissionSupplyNeedAV096", "", "00000000000000000000010000000000"
0x001FA8C1, "ResMissionSupplyNeedAV095", "", "00000000000000000000010000000000"
0x001FA8C2, "ResMissionSupplyNeedAV094", "", "00000000000000000000010000000000"
0x001FA8C3, "ResMissionSupplyNeedAV093", "", "00000000000000000000010000000000"
0x001FA8C4, "ResMissionSupplyNeedAV092", "", "00000000000000000000010000000000"
0x001FA8C5, "ResMissionSupplyNeedAV091", "", "00000000000000000000010000000000"
0x001FA8C6, "ResMissionSupplyNeedAV090", "", "00000000000000000000010000000000"
0x001FA8C7, "ResMissionSupplyNeedAV089", "", "00000000000000000000010000000000"
0x001FA8C8, "ResMissionSupplyNeedAV088", "", "00000000000000000000010000000000"
0x001FA8C9, "ResMissionSupplyNeedAV087", "", "00000000000000000000010000000000"
0x001FA8CA, "ResMissionSupplyNeedAV086", "", "00000000000000000000010000000000"
0x001FA8CB, "ResMissionSupplyNeedAV085", "", "00000000000000000000010000000000"
0x001FA8CC, "ResMissionSupplyNeedAV084", "", "00000000000000000000010000000000"
0x001FA8CD, "ResMissionSupplyNeedAV083", "", "00000000000000000000010000000000"
0x001FA8CE, "ResMissionSupplyNeedAV082", "", "00000000000000000000010000000000"
0x001FA8CF, "ResMissionSupplyNeedAV081", "", "00000000000000000000010000000000"
0x001FA8D0, "ResMissionSupplyNeedAV080", "", "00000000000000000000010000000000"
0x001FA8D1, "ResMissionSupplyNeedAV079", "", "00000000000000000000010000000000"
0x001FA8D2, "ResMissionSupplyNeedAV078", "", "00000000000000000000010000000000"
0x001FA8D3, "ResMissionSupplyNeedAV077", "", "00000000000000000000010000000000"
0x001FA8D4, "ResMissionSupplyNeedAV076", "", "00000000000000000000010000000000"
0x001FA8D5, "ResMissionSupplyNeedAV075", "", "00000000000000000000010000000000"
0x001FA8D6, "ResMissionSupplyNeedAV074", "", "00000000000000000000010000000000"
0x001FA8D7, "ResMissionSupplyNeedAV073", "", "00000000000000000000010000000000"
0x001FA8D8, "ResMissionSupplyNeedAV072", "", "00000000000000000000010000000000"
0x001FA8D9, "ResMissionSupplyNeedAV071", "", "00000000000000000000010000000000"
0x001FA8DA, "ResMissionSupplyNeedAV070", "", "00000000000000000000010000000000"
0x001FA8DB, "ResMissionSupplyNeedAV069", "", "00000000000000000000010000000000"
0x001FA8DC, "ResMissionSupplyNeedAV068", "", "00000000000000000000010000000000"
0x001FA8DD, "ResMissionSupplyNeedAV067", "", "00000000000000000000010000000000"
0x001FA8DE, "ResMissionSupplyNeedAV066", "", "00000000000000000000010000000000"
0x001FA8DF, "ResMissionSupplyNeedAV065", "", "00000000000000000000010000000000"
0x001FA8E0, "ResMissionSupplyNeedAV064", "", "00000000000000000000010000000000"
0x001FA8E1, "ResMissionSupplyNeedAV063", "", "00000000000000000000010000000000"
0x001FA8E2, "ResMissionSupplyNeedAV062", "", "00000000000000000000010000000000"
0x001FA8E3, "ResMissionSupplyNeedAV061", "", "00000000000000000000010000000000"
0x001FA8E4, "ResMissionSupplyNeedAV060", "", "00000000000000000000010000000000"
0x001FA8E5, "ResMissionSupplyNeedAV059", "", "00000000000000000000010000000000"
0x001FA8E6, "ResMissionSupplyNeedAV058", "", "00000000000000000000010000000000"
0x001FA8E7, "ResMissionSupplyNeedAV057", "", "00000000000000000000010000000000"
0x001FA8E8, "ResMissionSupplyNeedAV056", "", "00000000000000000000010000000000"
0x001FA8E9, "ResMissionSupplyNeedAV055", "", "00000000000000000000010000000000"
0x001FA8EA, "ResMissionSupplyNeedAV054", "", "00000000000000000000010000000000"
0x001FA8EB, "ResMissionSupplyNeedAV053", "", "00000000000000000000010000000000"
0x001FA8EC, "ResMissionSupplyNeedAV052", "", "00000000000000000000010000000000"
0x001FA8ED, "ResMissionSupplyNeedAV051", "", "00000000000000000000010000000000"
0x001FA8EE, "ResMissionSupplyNeedAV050", "", "00000000000000000000010000000000"
0x001FA8EF, "ResMissionSupplyNeedAV049", "", "00000000000000000000010000000000"
0x001FA8F0, "ResMissionSupplyNeedAV048", "", "00000000000000000000010000000000"
0x001FA8F1, "ResMissionSupplyNeedAV047", "", "00000000000000000000010000000000"
0x001FA8F2, "ResMissionSupplyNeedAV046", "", "00000000000000000000010000000000"
0x001FA8F3, "ResMissionSupplyNeedAV045", "", "00000000000000000000010000000000"
0x001FA8F4, "ResMissionSupplyNeedAV044", "", "00000000000000000000010000000000"
0x001FA8F5, "ResMissionSupplyNeedAV043", "", "00000000000000000000010000000000"
0x001FA8F6, "ResMissionSupplyNeedAV042", "", "00000000000000000000010000000000"
0x001FA8F7, "ResMissionSupplyNeedAV041", "", "00000000000000000000010000000000"
0x001FA8F8, "ResMissionSupplyNeedAV040", "", "00000000000000000000010000000000"
0x001FA8F9, "ResMissionSupplyNeedAV039", "", "00000000000000000000010000000000"
0x001FA8FA, "ResMissionSupplyNeedAV038", "", "00000000000000000000010000000000"
0x001FA8FB, "ResMissionSupplyNeedAV037", "", "00000000000000000000010000000000"
0x001FA8FC, "ResMissionSupplyNeedAV036", "", "00000000000000000000010000000000"
0x001FA8FD, "ResMissionSupplyNeedAV035", "", "00000000000000000000010000000000"
0x001FA8FE, "ResMissionSupplyNeedAV034", "", "00000000000000000000010000000000"
0x001FA8FF, "ResMissionSupplyNeedAV033", "", "00000000000000000000010000000000"
0x001FA900, "ResMissionSupplyNeedAV032", "", "00000000000000000000010000000000"
0x001FA901, "ResMissionSupplyNeedAV031", "", "00000000000000000000010000000000"
0x001FA902, "ResMissionSupplyNeedAV030", "", "00000000000000000000010000000000"
0x001FA903, "ResMissionSupplyNeedAV029", "", "00000000000000000000010000000000"
0x001FA904, "ResMissionSupplyNeedAV028", "", "00000000000000000000010000000000"
0x001FA905, "ResMissionSupplyNeedAV027", "", "00000000000000000000010000000000"
0x001FA906, "ResMissionSupplyNeedAV026", "", "00000000000000000000010000000000"
0x001FA907, "ResMissionSupplyNeedAV025", "", "00000000000000000000010000000000"
0x001FA908, "ResMissionSupplyNeedAV024", "", "00000000000000000000010000000000"
0x001FA909, "ResMissionSupplyNeedAV023", "", "00000000000000000000010000000000"
0x001FA90A, "ResMissionSupplyNeedAV022", "", "00000000000000000000010000000000"
0x001FA90B, "ResMissionSupplyNeedAV021", "", "00000000000000000000010000000000"
0x001FA90C, "ResMissionSupplyNeedAV020", "", "00000000000000000000010000000000"
0x001FA90D, "ResMissionSupplyNeedAV019", "", "00000000000000000000010000000000"
0x001FA90E, "ResMissionSupplyNeedAV018", "", "00000000000000000000010000000000"
0x001FA90F, "ResMissionSupplyNeedAV017", "", "00000000000000000000010000000000"
0x001FA910, "ResMissionSupplyNeedAV016", "", "00000000000000000000010000000000"
0x001FA911, "ResMissionSupplyNeedAV015", "", "00000000000000000000010000000000"
0x001FA912, "ResMissionSupplyNeedAV014", "", "00000000000000000000010000000000"
0x001FA913, "ResMissionSupplyNeedAV013", "", "00000000000000000000010000000000"
0x001FA914, "ResMissionSupplyNeedAV012", "", "00000000000000000000010000000000"
0x001FA915, "ResMissionSupplyNeedAV011", "", "00000000000000000000010000000000"
0x001FA916, "ResMissionSupplyNeedAV010", "", "00000000000000000000010000000000"
0x001FA917, "ResMissionSupplyNeedAV009", "", "00000000000000000000010000000000"
0x001FA918, "ResMissionSupplyNeedAV008", "", "00000000000000000000010000000000"
0x001FA919, "ResMissionSupplyNeedAV007", "", "00000000000000000000010000000000"
0x001FA91A, "ResMissionSupplyNeedAV006", "", "00000000000000000000010000000000"
0x001FA91B, "ResMissionSupplyNeedAV005", "", "00000000000000000000010000000000"
0x001FA91C, "ResMissionSupplyNeedAV004", "", "00000000000000000000010000000000"
0x001FA91D, "ResMissionSupplyNeedAV003", "", "00000000000000000000010000000000"
0x001FA91E, "ResMissionSupplyNeedAV002", "", "00000000000000000000010000000000"
0x001FA91F, "ResMissionSupplyNeedAV001", "", "00000000000000000000010000000000"
0x001FCA3D, "SQ_CaptiveStateNoBlockingHellos", "", "00000000000000000000010000000000"
0x00200B36, "HzTest_AV_Pressurized", "", "00000000000000000000010000000000"
0x00200B37, "HzTest_AV_Broken", "", "00000000000000000000010000000000"
0x00202780, "ResMfg_Tier03_SubstrateMolecularSieveAV", "", "00000000000000000000010000000000"
0x00202F5B, "ResMfg_Tier03_AldumiteDrillingRigAV", "", "00000000000000000000010000000000"
0x0020317B, "JumpSpeedMult", "", "00000000000000000000100000000000"
0x00203EB5, "ResMfg_Tier03_TasineSuperconductorAV", "", "00000000000000000000010000000000"
0x00203EB6, "ResMfg_Tier03_VerylManifoldAV", "", "00000000000000000000010000000000"
0x00203EB7, "ResMfg_Tier03_SubstrateGravLaminateAV", "", "00000000000000000000010000000000"
0x00203EB8, "ResMfg_Tier03_RothiciteMagnetAV", "", "00000000000000000000010000000000"
0x00203EB9, "ResMfg_Tier03_VytiniumFuelRodAV", "", "00000000000000000000010000000000"
0x00203EBA, "ResMfg_Tier03_IndiciteWaferAV", "", "00000000000000000000010000000000"
0x00203EBB, "ResMfg_Tier03_VerylExplosiveAV", "", "00000000000000000000010000000000"
0x00205A12, "ENV_AFFL_Treatment_CureChance_Infection", "", "00000000000000000000010000000000"
0x00205A13, "ENV_AFFL_BonusCureChance_Injury", "", "00000000000000000000010000000000"
0x00205A14, "ENV_AFFL_BonusCureChance_Infection", "", "00000000000000000000010000000000"
0x00205A15, "ENV_AFFL_Treatment_CureChance_Injury", "", "00000000000000000000010000000000"
0x00205A16, "ENV_AFFL_PeriodicChanceAddAV", "", "00000000000000000000010000000000"
0x002062CE, "SQ_Alarmed", "", "00000000000000000000010000000000"
0x00208DCB, "Stim_Health_Flame", "", "00000000000000000001000000000000"
0x00208DCC, "Stim_Resist_Piercing", "", "00000000000000000001000000000000"
0x00208E98, "ResMfg_Tier02_DrillingRigAV", "", "00000000000000000000010000000000"
0x00209D32, "HzTest_AV_PipeSpray_PressurizedState", "", "00000000000000000000010000000000"
0x00209D33, "HzTest_AV_PipeSpray_DamagedState", "", "00000000000000000000010000000000"
0x0020A24E, "IgnoreExplosionKnockdown", "IgnoreExplosionKnockdown", "00000000000000000000010000000000"
0x0020EC73, "ZoologyNonLethalHarvestCount", "", "00000000000000000000010000000000"
0x002102C3, "CCT_DamageMod", "Creature Melee Damage Modifier", "00000000000000000000100000000000"
0x002117F2, "VendorModLow", "", "00000000000000000010000000000000"
0x002117F3, "VendorModHigh", "", "00000000000000000010000000000000"
0x002117F4, "VendorModVeryLow", "", "00000000000000000010000000000000"
0x002117F5, "VendorModVeryHigh", "", "00000000000000000010000000000000"
0x00214C91, "MissionSupplyAmountMult", "", "00000000000000000000100000000000"
0x00215560, "MissionAmountMax", "", "00000000000000000000010000000000"
0x00215A48, "UseAlarm", "", "00000000000000000000010000000000"
0x0021676B, "UC_MindControl_InitialAggression", "", "10000000000000000000010000010000"
0x002182D1, "MissionRewardBase", "", "00000000000000000000010000000000"
0x0021904C, "OutpostNoSnappedGroundIntersection", "", "00000000000000000000010000000000"
0x002192D5, "OutpostNoIncomingTransferLink", "", "00000000000000000000010000000000"
0x00219529, "PlayerUnityTimesEntered", "", "00000000000000000000010000000000"
0x0021961F, "SpaceshipWeaponPower", "Max Power", "00000000000000000000010000000000"
0x00219623, "SpaceshipWeaponPowerGroup3", "Weapon Power Group 3", "00000000000000000000010000000000"
0x00219624, "SpaceshipWeaponPowerGroup2", "Weapon Power Group 2", "00000000000000000000010000000000"
0x00219625, "SpaceshipWeaponPowerGroup1", "Weapon Power Group 1", "00000000000000000000010000000000"
0x0021C778, "OutpostBulldozeAlwaysAV", "", "00000000000000000000010000000000"
0x0021E6FE, "ResourceOutpostCargoLinkAV", "", "00000000000000000000010000000000"
0x0021E702, "OutpostBulldozeNeverAV", "", "00000000000000000000010000000000"
0x0021EEA3, "UseCombatTravel", "", "00000000000000000000010000000000"
0x00220F51, "Crew_Elite_BackstoryFollowup_Day", "", "00000000000000000010000000000000"
0x0022197F, "PlanetTraitAV25ExtinctionEvent", "", "00000000000000000000010000000000"
0x002233CB, "WorkshopPlacementRestrictToWaterAV", "", "00000000000000000000010000000000"
0x002233CC, "WorkshopPlacementRestrictToDirtAV", "", "00000000000000000000010000000000"
0x002233CD, "WorkshopPlacementAllowWaterAV", "", "00000000000000000000010000000000"
0x00223FEE, "MQ207C_SecurityOverrideActiveValue", "", "10000000000000000000000000000000"
0x0022469A, "ResourceOrgUniqueNeurologicFaunaHerbivore", "", "00000000000000000000010000000000"
0x0022469B, "ResourceOrgUniqueMemorySubstrateFaunaHerbivore", "", "00000000000000000000010000000000"
0x0022469C, "ResourceOrgUniqueLuxuryTextileFaunaHerbivore", "", "00000000000000000000010000000000"
0x0022469D, "ResourceOrgUniqueImmunostimulantFaunaHerbivore", "", "00000000000000000000010000000000"
0x0022469E, "ResourceOrgUniqueHighTensileSpidrionFaunaHerbivore", "", "00000000000000000000010000000000"
0x0022469F, "ResourceOrgUniqueGastronomicFaunaHerbivore", "", "00000000000000000000010000000000"
0x002246A0, "ResourceOrgCommonStructuralFaunaHerbivore", "", "00000000000000000000010000000000"
0x002246A1, "ResourceOrgUncommonSpiceFaunaHerbivore", "", "00000000000000000000010000000000"
0x002246A2, "ResourceOrgCommonSealantFaunaHerbivore", "", "00000000000000000000010000000000"
0x002246A3, "ResourceOrgUncommonPigmentFaunaHerbivore", "", "00000000000000000000010000000000"
0x002246A4, "ResourceOrgUncommonMembraneFaunaHerbivore", "", "00000000000000000000010000000000"
0x002246A5, "ResourceOrgUncommonCosmeticFaunaHerbivore", "", "00000000000000000000010000000000"
0x002246A6, "ResourceOrgRareSedativeFaunaHerbivore", "", "00000000000000000000010000000000"
0x002246A7, "ResourceOrgRareHallucinogenFaunaHerbivore", "", "00000000000000000000010000000000"
0x002246A8, "ResourceOrgRareAromaticFaunaHerbivore", "", "00000000000000000000010000000000"
0x002246A9, "ResourceOrgRareAnalgesicFaunaHerbivore", "", "00000000000000000000010000000000"
0x002246AA, "ResourceOrgRareAminoAcidsFaunaHerbivore", "", "00000000000000000000010000000000"
0x002246AB, "ResourceOrgRareAdhesiveFaunaHerbivore", "", "00000000000000000000010000000000"
0x002246AC, "ResourceOrgExoticSolventFaunaHerbivore", "", "00000000000000000000010000000000"
0x002246AD, "ResourceOrgExoticPolymerFaunaHerbivore", "", "00000000000000000000010000000000"
0x002246AE, "ResourceOrgExoticStimulantFaunaHerbivore", "", "00000000000000000000010000000000"
0x002246AF, "ResourceOrgExoticLubricantFaunaHerbivore", "", "00000000000000000000010000000000"
0x002246B0, "ResourceOrgExoticHypercatalystFaunaHerbivore", "", "00000000000000000000010000000000"
0x002246B1, "ResourceOrgExoticBiosuppressantFaunaHerbivore", "", "00000000000000000000010000000000"
0x002246B2, "ResourceOrgCommonToxinFaunaHerbivore", "", "00000000000000000000010000000000"
0x002246B3, "ResourceOrgUncommonOrnamentalFaunaHerbivore", "", "00000000000000000000010000000000"
0x002246B4, "ResourceOrgCommonNutrientFaunaHerbivore", "", "00000000000000000000010000000000"
0x002246B5, "ResourceOrgCommonMetabolicAgentFaunaHerbivore", "", "00000000000000000000010000000000"
0x002246B6, "ResourceOrgCommonFiberFaunaHerbivore", "", "00000000000000000000010000000000"
0x002246B7, "ResourceOrgUniqueNeurologicFaunaCarnivore", "", "00000000000000000000010000000000"
0x002246B8, "ResourceOrgUniqueMemorySubstrateFaunaCarnivore", "", "00000000000000000000010000000000"
0x002246B9, "ResourceOrgUniqueLuxuryTextileFaunaCarnivore", "", "00000000000000000000010000000000"
0x002246BA, "ResourceOrgUniqueImmunostimulantFaunaCarnivore", "", "00000000000000000000010000000000"
0x002246BB, "ResourceOrgUniqueHighTensileSpidrionFaunaCarnivore", "", "00000000000000000000010000000000"
0x002246BC, "ResourceOrgUniqueGastronomicFaunaCarnivore", "", "00000000000000000000010000000000"
0x002246BD, "ResourceOrgCommonStructuralFaunaCarnivore", "", "00000000000000000000010000000000"
0x002246BE, "ResourceOrgUncommonSpiceFaunaCarnivore", "", "00000000000000000000010000000000"
0x002246BF, "ResourceOrgCommonSealantFaunaCarnivore", "", "00000000000000000000010000000000"
0x002246C0, "ResourceOrgUncommonPigmentFaunaCarnivore", "", "00000000000000000000010000000000"
0x002246C1, "ResourceOrgUncommonMembraneFaunaCarnivore", "", "00000000000000000000010000000000"
0x002246C2, "ResourceOrgUncommonCosmeticFaunaCarnivore", "", "00000000000000000000010000000000"
0x002246C3, "ResourceOrgRareSedativeFaunaCarnivore", "", "00000000000000000000010000000000"
0x002246C4, "ResourceOrgRareHallucinogenFaunaCarnivore", "", "00000000000000000000010000000000"
0x002246C5, "ResourceOrgRareAromaticFaunaCarnivore", "", "00000000000000000000010000000000"
0x002246C6, "ResourceOrgRareAnalgesicFaunaCarnivore", "", "00000000000000000000010000000000"
0x002246C7, "ResourceOrgRareAminoAcidsFaunaCarnivore", "", "00000000000000000000010000000000"
0x002246C8, "ResourceOrgRareAdhesiveFaunaCarnivore", "", "00000000000000000000010000000000"
0x002246C9, "ResourceOrgExoticSolventFaunaCarnivore", "", "00000000000000000000010000000000"
0x002246CA, "ResourceOrgExoticPolymerFaunaCarnivore", "", "00000000000000000000010000000000"
0x002246CB, "ResourceOrgExoticStimulantFaunaCarnivore", "", "00000000000000000000010000000000"
0x002246CC, "ResourceOrgExoticLubricantFaunaCarnivore", "", "00000000000000000000010000000000"
0x002246CD, "ResourceOrgExoticHypercatalystFaunaCarnivore", "", "00000000000000000000010000000000"
0x002246CE, "ResourceOrgExoticBiosuppressantFaunaCarnivore", "", "00000000000000000000010000000000"
0x002246CF, "ResourceOrgCommonToxinFaunaCarnivore", "", "00000000000000000000010000000000"
0x002246D0, "ResourceOrgUncommonOrnamentalFaunaCarnivore", "", "00000000000000000000010000000000"
0x002246D1, "ResourceOrgCommonNutrientFaunaCarnivore", "", "00000000000000000000010000000000"
0x002246D2, "ResourceOrgCommonMetabolicAgentFaunaCarnivore", "", "00000000000000000000010000000000"
0x002246D3, "ResourceOrgCommonFiberFaunaCarnivore", "", "00000000000000000000010000000000"
0x002246D4, "ResourceOrgUncommonAntimicrobialFaunaHerbivore", "", "00000000000000000000010000000000"
0x002246D5, "ResourceOrgUncommonAntimicrobialFaunaCarnivore", "", "00000000000000000000010000000000"
0x00224A5E, "MQ207C_PowerInterlockIDValue", "", "10000000000000000000000000000000"
0x00224A66, "MQ207C_LabControlTerminalDegaussingActiveValue", "", "10000000000000000000000000000000"
0x00224A67, "MQ207C_LabControlTerminalDegaussingCountValue", "", "10000000000000000000000000000000"
0x00224A6A, "MQ207C_LabControlTerminalCalibrationActiveValue", "", "10000000000000000000000000000000"
0x00224A6D, "MQ207C_LabControlTerminalUniverseValue", "", "10000000000000000000000000000000"
0x0022555C, "PlanetTraitAV24TurbulentLithosphere", "", "00000000000000000000010000000000"
0x0022555D, "PlanetTraitAV23SonorousLithosphere", "", "00000000000000000000010000000000"
0x0022555E, "PlanetTraitAV22SolarStormSeasons", "", "00000000000000000000010000000000"
0x00225573, "PlanetTraitAV21SlushySubsurfaceSeas", "", "00000000000000000000010000000000"
0x00225574, "PlanetTraitAV20SentientMicrobialColonies", "", "00000000000000000000010000000000"
0x00225575, "PlanetTraitAV19PsychotropicBiota", "", "00000000000000000000010000000000"
0x00225576, "PlanetTraitAV18PrismaticPlumes", "", "00000000000000000000010000000000"
0x00225577, "PlanetTraitAV16PrimedForLife", "", "00000000000000000000010000000000"
0x00225578, "PlanetTraitAV15PeltedFields", "", "00000000000000000000010000000000"
0x00225579, "PlanetTraitAV14GlobalGlacialRecession", "", "00000000000000000000010000000000"
0x0022557A, "PlanetTraitAV10EmergingTectonics", "", "00000000000000000000010000000000"
0x0022557B, "PlanetTraitAV09EcologicalConsortium", "", "00000000000000000000010000000000"
0x0022557C, "PlanetTraitAV08DiseasedBiosphere", "", "00000000000000000000010000000000"
0x0022557D, "PlanetTraitAV06CorallineLandmass", "", "00000000000000000000010000000000"
0x0022557E, "PlanetTraitAV05ContinualConductor", "", "00000000000000000000010000000000"
0x0022557F, "PlanetTraitAV12FrozenEcosystem", "", "00000000000000000000010000000000"
0x00225580, "PlanetTraitAV04CharredEcosystem", "", "00000000000000000000010000000000"
0x00225581, "PlanetTraitAV03BolideBombardment", "", "00000000000000000000010000000000"
0x00225582, "PlanetTraitAV01AmphibiousFoothold", "", "00000000000000000000010000000000"
0x00225583, "PlanetTraitAV00AeriformLife", "", "00000000000000000000010000000000"
0x002268AF, "SQ_Followers_BlockSandbox", "", "00000000000000000000010000000000"
0x00226A19, "VascoShutDownZeroG", "", "00000000000000000000010000000000"
0x0022A2B6, "HandScannerTarget", "", "00000000000000000000010000000000"
0x0022D2F2, "ENV_HealDelay", "", "00000100000010000000010000000000"
0x0022D694, "CREW_GenericCrew_MessageShown_AV", "", "00000000000000000000010000000000"
0x0022ED8F, "Stim_Health_Piercing", "", "00000000000000000001000000000000"
0x0022ED93, "ZoologyRank", "", "00000000000000000000010000000000"
0x0022ED94, "BotanyRank", "", "00000000000000000000010000000000"
0x0022F936, "RQ_AV_OE_Rescue_01_Killer", "", "00000000000000000000010000000000"
0x0022F93C, "Player_Explosive_IncomingDamageReduction", "", "00000001000000000000100000000000"
0x0022F93D, "Player_Sprint_O2_DrainRate", "", "00000001000000000000100000000000"
0x002383EC, "CF04_Rumors", "", "00000000000000000000010000000000"
0x00239D30, "SQ_Followers_AllowedToSandbox", "", "00000000000000000000010000000000"
0x0023B923, "PlayerFirstAidMagnitudeMult", "", "00000000000000000000100000000000"
0x0023DE4D, "SQ_ShipVendorsLastRefreshTimestamp", "", "00000000000000000000010000000000"
0x0023E905, "HandScannerPlantReproduction", "", "00000000000000000000010000000000"
0x0023F9A6, "UC04_SoldierPackageValue", "", "00000000001000000000010000000000"
0x002407E2, "ResourceBuildTest03", "", "00000000000000000000010000000000"
0x002407E3, "ResourceBuildTest02", "", "00000000000000000000010000000000"
0x002407E4, "ResourceBuildTest01", "", "00000000000000000000010000000000"
0x0024578F, "ResMfg_Tier02_ZeroGGimbalAV", "", "00000000000000000000010000000000"
0x00245790, "ResMfg_Tier01_VacGradeExplosiveAV", "", "00000000000000000000010000000000"
0x00245791, "ResMfg_Tier03_ThreadlogicCircuitAV", "", "00000000000000000000010000000000"
0x00245792, "ResMfg_Tier01_TauGradeRheostatAV", "", "00000000000000000000010000000000"
0x00245793, "ResMfg_Tier02_SupercooledMagnetAV", "", "00000000000000000000010000000000"
0x00245794, "ResMfg_Tier01_AdaptiveFrameAV", "", "00000000000000000000010000000000"
0x00245795, "ResMfg_Tier03_StochasticEmitterAV", "", "00000000000000000000010000000000"
0x00245796, "ResMfg_Tier02_StimulatedShieldingAV", "", "00000000000000000000010000000000"
0x00245797, "ResMfg_Tier02_SterileNanotubesAV", "", "00000000000000000000010000000000"
0x00245798, "ResMfg_Tier02_SemimetalWaferAV", "", "00000000000000000000010000000000"
0x00245799, "ResMfg_Tier02_RegenerativeIlluminatorAV", "", "00000000000000000000010000000000"
0x0024579A, "ResMfg_Tier01_ReactiveGaugeAV", "", "00000000000000000000010000000000"
0x0024579B, "ResMfg_Tier03_QuasiNeutralizerAV", "", "00000000000000000000010000000000"
0x0024579C, "ResMfg_Tier03_PowerCircuitAV", "", "00000000000000000000010000000000"
0x0024579D, "ResMfg_Tier02_PositronBatteryAV", "", "00000000000000000000010000000000"
0x0024579E, "ResMfg_Tier01_PolytextileAV", "", "00000000000000000000010000000000"
0x0024579F, "ResMfg_Tier03_PlasmaIgniterAV", "", "00000000000000000000010000000000"
0x002457A0, "ResMfg_Tier02_ParamagnonSuperconductorAV", "", "00000000000000000000010000000000"
0x002457A1, "ResMfg_Tier02_NuclearFuelRodAV", "", "00000000000000000000010000000000"
0x002457A2, "ResMfg_Tier03_NeutralCapacitorAV", "", "00000000000000000000010000000000"
0x002457A3, "ResMfg_Tier01_MonopropellantAV", "", "00000000000000000000010000000000"
0x002457A4, "ResMfg_Tier02_MolecularSieveAV", "", "00000000000000000000010000000000"
0x002457A5, "ResMfg_Tier03_MicrosecondRegulatorAV", "", "00000000000000000000010000000000"
0x002457A6, "ResMfg_Tier01_MagPressureTankAV", "", "00000000000000000000010000000000"
0x002457A7, "ResMfg_Tier01_IsotopicCoolantAV", "", "00000000000000000000010000000000"
0x002457A8, "ResMfg_Tier01_IsocenteredMagnetAV", "", "00000000000000000000010000000000"
0x002457A9, "ResMfg_Tier03_HelicalEqualizerAV", "", "00000000000000000000010000000000"
0x002457AA, "ResMfg_Tier03_GravityInducerAV", "", "00000000000000000000010000000000"
0x002457AB, "ResMfg_Tier02_GraviticLaminateAV", "", "00000000000000000000010000000000"
0x002457AC, "ResMfg_Tier01_ZeroWireAV", "", "00000000000000000000010000000000"
0x002457AD, "ResMfg_Tier01_AusteniticManifoldAV", "", "00000000000000000000010000000000"
0x002457AF, "OutpostCargoLinkShipDestination", "", "00000000000000000000010000000000"
0x002458B9, "AddictionMedX", "Addiction Med-X", "00000100000000000010000000000000"
0x00245EF1, "AddictionAlcohol", "Addiction Alcohol", "00000100000000000010000000000000"
0x00245EF3, "AddictionMentats", "Addiction Mentats", "00000100000000000010000000000000"
0x00245EF8, "AddictionBuffout", "Addiction Buffout", "00000100000000000010000000000000"
0x00245EFA, "AddictionPsycho", "Addiction Psycho", "00000100000000000010000000000000"
0x00245EFC, "AddictionXCell", "Addiction X-Cell", "00000100000000000010000000000000"
0x00245EFF, "AddictionDaddyO", "Addiction DaddyO", "00000100000000000010000000000000"
0x00245F02, "AddictionDaytripper", "Addiction DaytripperO", "00000100000000000010000000000000"
0x00245F05, "AddictionJet", "Addiction Jet", "00000100000000000010000000000000"
0x00245F09, "AddictionOverdrive", "Addiction Overdrive", "00000100000000000010000000000000"
0x00246B59, "PlanetTraitAV07CrystallineCrust", "", "00000000000000000000010000000000"
0x00246BF5, "AddictionCalmex", "Addiction Calmex", "00000100000000000010000000000000"
0x00246BFE, "AddictionFury", "Addiction Fury", "00000100000000000010000000000000"
0x00248D2F, "ENV_Resist_Radiation", "Radiation Hazard Resistance", "00000001000010000000010000000000"
0x00248D30, "ENV_Resist_Corrosive", "Corrosive Hazard Resistance", "00000001000010000000010000000000"
0x00248D31, "ENV_Resist_Airborne", "Airborne Hazard Resistance", "00000001000010000000010000000000"
0x00248D32, "ENV_Resist_Thermal", "Thermal Hazard Resistance", "00000001000010000000010000000000"
0x00249FE1, "SpaceshipStrafeSpeedMult", "StrafeSpeedMult", "00000000000000000000010000000000"
0x0024A05F, "ShieldHealth", "Shield Health", "00000000000000000000010000000000"
0x0024B8A5, "PlayerEquippedArmorWeightMult", "", "00000001000000000000100000000000"
0x0024B8A6, "PlayerEquippedWeaponWeightMult", "", "00000001000000000000100000000000"
0x0024EE97, "SpaceshipDockingClamps", "Docking Clamps", "00000000000000000000010000000000"
0x0024F6A0, "OutpostLastAttackRollTimestamp", "", "00000000000000000000010000000000"
0x0024F6B2, "OE_CivilianAV", "", "00000000000000000000010000000000"
0x00252075, "ResourceInorgUniqueCaelumite", "", "00000000000000000000010000000000"
0x00256F19, "UC03_PlayerLearnedPickMeUpRecipe", "", "00000000000000000000010000000000"
0x00258275, "ResourceOrgTypeGland", "", "00000000000000000000010000000000"
0x00258277, "ResourceOrgTypeCarapace", "", "00000000000000000000010000000000"
0x00258278, "ResourceOrgTypeBone", "", "00000000000000000000010000000000"
0x0025E14A, "MapMarkerMaxCompassDistanceMult", "MapMarkerMaxCompassDistanceMult", "00000000000000000000010000000000"
0x0025E596, "OutpostMainPackinItem", "", "00000000000000000000010000000000"
0x002612CE, "RAD06_ResourceCheckAV", "", "00000000000000000000010000000000"
0x00261BD4, "CF01_KarlViolence", "", "00000000000000000000010000000000"
0x002636B7, "Crew_HireSpeechChallengeAttempted", "", "00000000000000000000010000000000"
0x00267F4F, "LandingZoneHot", "", "00000000000000000000010000000000"
0x0026AD4E, "ModCount", "", "00000000000000000000010000000000"
0x00270297, "ScanningPowerLevel", "", "00000000000000000000010000000000"
0x00270727, "Crew_CostMult", "", "00000000000000000000100000000000"
0x0027072A, "Crew_CostTableIndex", "", "00000000000000000010000000000000"
0x00271128, "OutpostSkipResourceVeinCheck", "", "00000000000000000000010000000000"
0x0027319E, "ResMfg_Tier03_ElectronPumpAV", "", "00000000000000000000010000000000"
0x00276BE2, "OE_Civilian_NightShift", "", "00000000000000000000010000000000"
0x00278980, "SpaceshipStrafeMaxSpeedMult", "StrafeMaxSpeedMult", "00000000000000000000010000000000"
0x00278981, "SpaceshipBackwardMaxSpeedMult", "Reverse Max Speed Multiplier", "00000000000000000000010000000000"
0x00278982, "SpaceshipForwardMaxSpeedMult", "ForwardMaxSpeedMult", "00000000000000000000010000000000"
0x00278986, "SpaceshipEnginePartMaxBackwardSpeed", "Max Reverse Speed", "00000000000000000000010000000000"
0x00278987, "SpaceshipThrusterPartMaxStrafeSpeed", "Strafe Speed", "00000000000000000000010000000000"
0x00278988, "SpaceshipEnginePartMaxForwardSpeed", "Max Speed", "00000000000000000000010000000000"
0x0027A566, "PlanetTraitLocationScanCount", "", "00000000000000000000010000000000"
0x0027B5A8, "COM_MEM_SarahMorgan_CommitmentMother", "", "00000000000000000000010000000000"
0x0027B78B, "COM_CommitmentDesired", "", "00000000000000000000010000000000"
0x0027B78C, "COM_IsCommitted", "", "00000000000000000000010000000000"
0x0027BACE, "ShipModuleVariant", "", "00000000000000000000010000000000"
0x0027BACF, "WorkshopCanContainRef", "", "10000000000000000000010000000000"
0x0027BADD, "PlanetTraitAV11EnergeticRifting", "", "00000000000000000000010000000000"
0x0027BADE, "PlanetTraitAV17PrimordialNetwork", "", "00000000000000000000010000000000"
0x0027BADF, "PlanetTraitAV13GaseousFont", "", "00000000000000000000010000000000"
0x0027BAE0, "PlanetTraitAV02BoiledSeas", "", "00000000000000000000010000000000"
0x0027C49B, "ResourceInorgRareMercury", "", "00000000000000000000010000000000"
0x0027D0A1, "ResourceInorgRareCarboxylicAcids", "", "00000000000000000000010000000000"
0x0027D65C, "COM_Companion_Barrett_AV_SelectedAddress_Self", "", "00000000000000000000010000000000"
0x0027EEE3, "LC043_GuardConfrontActiveConfrontValue", "", "00000000000000000000010000000000"
0x00282716, "WorkshopRefCanSupport", "", "10000000000000000000010000000000"
0x002890F5, "COM_Quest_SarahMorgan_SonaHeard", "", "00000000000000000000010000000000"
0x0028B666, "MQ104A_CompanionPresentTemple", "", "00000000000000000000010000000000"
0x0028B917, "CrewIsViewed", "", "00000000000000000000010000000000"
0x002956CD, "MQComplete", "", "00000000001000000000010000000000"
0x00299541, "ResMfg_Tier01_CommRelayAV", "", "00000000000000000000010000000000"
0x0029A418, "POI027_ProbeEngineActive", "", "00000000000000000000100000000000"
0x0029C45C, "ResMfg_Tier02_ControlRodAV", "", "00000000000000000000010000000000"
0x0029C45D, "ResMfg_Tier02_DeformableNozzleAV", "", "00000000000000000000010000000000"
0x0029F3FA, "ResourceOrgCommonMetabolicAgent", "", "00000000000000000000010000000000"
0x0029F3FE, "ResourceOrgUncommonPigment", "", "00000000000000000000010000000000"
0x0029F402, "ResourceOrgRareHallucinogen", "", "00000000000000000000010000000000"
0x0029F406, "ResourceOrgUniqueNeurologic", "", "00000000000000000000010000000000"
0x0029F40A, "ResourceOrgExoticBiosuppressant", "", "00000000000000000000010000000000"
0x002A84F7, "OutpostMaxDeployed", "", "00000000000000000000010000000000"
0x002A9541, "SpaceshipMaxAngularZAcceleration", "MaxAngularZAcceleration", "00000000000000000000010000000000"
0x002A9542, "SpaceshipThrusterPartStrafeForce", "Strafe Force", "00000000000000000000010000000000"
0x002A9543, "SpaceshipMaxAngularYAcceleration", "MaxAngularYAcceleration", "00000000000000000000010000000000"
0x002A9544, "SpaceshipMaxAngularXAcceleration", "MaxAngularXAcceleration", "00000000000000000000010000000000"
0x002A9DDF, "COM_ActiveCompanion", "", "00000000000000000000010000000000"
0x002A9DE0, "COM_AvailableCompanion", "", "00000000000000000000010000000000"
0x002A9DE1, "Crew_ActiveCrew", "", "00000000000000000000010000000000"
0x002A9DE2, "Crew_AvailableCrew", "", "00000000000000000000010000000000"
0x002A9DE3, "FOL_ActiveFollower", "", "00000000000000000000010000000000"
0x002A9DE4, "FOL_AvailableFollower", "", "00000000000000000000010000000000"
0x002AB39A, "ResourceOrgTypeFluids", "", "00000000000000000000010000000000"
0x002AB39B, "ResourceOrgTypeHide", "", "00000000000000000000010000000000"
0x002AB39C, "ResourceOrgTypeTissue", "", "00000000000000000000010000000000"
0x002AC104, "ResourceOrgUniqueMemorySubstrate", "", "00000000000000000000010000000000"
0x002AC105, "ResourceOrgUniqueLuxuryTextile", "", "00000000000000000000010000000000"
0x002AC106, "ResourceOrgUniqueImmunostimulant", "", "00000000000000000000010000000000"
0x002AC107, "ResourceOrgUniqueGastronomic", "", "00000000000000000000010000000000"
0x002AC108, "ResourceOrgUniqueHighTensileSpidrion", "", "00000000000000000000010000000000"
0x002AC109, "ResourceOrgUncommonSpice", "", "00000000000000000000010000000000"
0x002AC10A, "ResourceOrgCommonSealant", "", "00000000000000000000010000000000"
0x002AC10B, "ResourceOrgUncommonMembrane", "", "00000000000000000000010000000000"
0x002AC10C, "ResourceOrgUncommonCosmetic", "", "00000000000000000000010000000000"
0x002AC10D, "ResourceOrgRareAromatic", "", "00000000000000000000010000000000"
0x002AC10E, "ResourceOrgCommonStructural", "", "00000000000000000000010000000000"
0x002AC10F, "ResourceOrgRareSedative", "", "00000000000000000000010000000000"
0x002AC110, "ResourceOrgRareAminoAcids", "", "00000000000000000000010000000000"
0x002AC111, "ResourceOrgRareAnalgesic", "", "00000000000000000000010000000000"
0x002AC112, "ResourceOrgRareAdhesive", "", "00000000000000000000010000000000"
0x002AC113, "ResourceOrgExoticSolvent", "", "00000000000000000000010000000000"
0x002AC114, "ResourceOrgExoticPolymer", "", "00000000000000000000010000000000"
0x002AC115, "ResourceOrgExoticStimulant", "", "00000000000000000000010000000000"
0x002AC116, "ResourceOrgExoticHypercatalyst", "", "00000000000000000000010000000000"
0x002AC117, "ResourceOrgExoticLubricant", "", "00000000000000000000010000000000"
0x002AC118, "ResourceOrgCommonToxin", "", "00000000000000000000010000000000"
0x002AC119, "ResourceOrgUncommonOrnamental", "", "00000000000000000000010000000000"
0x002AC11A, "ResourceOrgCommonFiber", "", "00000000000000000000010000000000"
0x002AC11B, "ResourceOrgCommonNutrient", "", "00000000000000000000010000000000"
0x002AC11C, "ResourceOrgUncommonAntimicrobial", "", "00000000000000000000010000000000"
0x002AC965, "BEBoarderCapturedModule", "", "00000000000000000000010000000000"
0x002AF556, "FOL_PreviousIdleChatterTimeMax", "", "00000000000000000000010000000000"
0x002AF557, "FOL_PreviousIdleChatterTimeMin", "", "00000000000000000000010000000000"
0x002B063B, "ResourceInorgPower01", "", "00000000000000000000010000000000"
0x002B29BE, "WorkshopAutoFoundationMaxHeight", "", "00000000000000000000010000000000"
0x002B4169, "WorkshopAutoFoundationTwoClickBuild", "", "00000000000000000000010000000000"
0x002B4321, "COM_HasBeenRomantic", "", "00000000000000000000010000000000"
0x002B5EC8, "COM_AffinityLevel", "", "00000000000000000000010000000000"
0x002B5ED0, "COM_CommitmentRefusedPermanently", "", "00000000000000000000010000000000"
0x002B9006, "COM_StoryGatesCompleted", "", "00000000000000000000010000000000"
0x002B9007, "COM_CurrentStoryGateTimerExpired", "", "00000000000000000000010000000000"
0x002BCFFF, "Leadership_EmergencyAid_Delay", "", "00000100000010000000010000000000"
0x002BFAB9, "COM_IsRomantic", "", "00000000000000000000010000000000"
0x002BFAFD, "SpaceshipGravJumpThrust", "Grav Jump Thrust", "00000000000000000000010000000000"
0x002C2A38, "COM_AngerReason", "", "00000000000000000000010000000000"
0x002C4121, "LGND_LessDmgStandStill", "", "00000000000000000000010000000000"
0x002C4C96, "COM_DEBUG_OnPlayerShip", "", "00000000000000000000010000000000"
0x002C6CF7, "MQ204UCGuard", "", "00000000001000000000010000000000"
0x002C7AE3, "COM_AngerSceneCompleted", "", "00000000000000000000100000000000"
0x002C7AE7, "COM_AngerSecondChances", "", "00000000000000000000010000000000"
0x002C7F05, "SpaceshipParticleWeaponDamageMult", "", "00000000000000000000010000000000"
0x002C7F06, "SpaceshipTurretWeaponDamageMult", "", "00000000000000000000010000000000"
0x002C7F07, "SpaceshipMissileWeaponDamageMult", "", "00000000000000000000010000000000"
0x002C8DF2, "COM_AngerCoolDownTimerExpired", "", "00000000000000000000100000000000"
0x002C8E56, "COM_FlirtCount", "", "00000000000000000000010000000000"
0x002CBE73, "OutpostScannerMultiplier", "", "00000000000000000000100000000000"
0x002CBE74, "OutpostScannerRadius", "", "00000000000000000000010000000000"
0x002CC9E1, "SpaceshipEnginePartPowerBonus", "Engine Power Bonus", "00000000000000000000010000000000"
0x002CC9E2, "SpaceshipThrusterPartPowerBonus", "Thruster Power Bonus", "00000000000000000000010000000000"
0x002CC9E3, "SpaceshipShieldPartPowerBonus", "Shield Power Bonus", "00000000000000000000010000000000"
0x002CC9E4, "SpaceshipGravJumpPartPowerBonus", "Grav Jump Power Bonus", "00000000000000000000010000000000"
0x002CC9EA, "SpaceshipCrewSlots", "Crew Stations", "00000000000000000000010000000000"
0x002CD667, "LGND_ArmorPlated", "", "00000000000000000000010000000000"
0x002CF0E4, "WorkshopStacksWhenSnapped", "", "10000000000000000000010000000000"
0x002D2C1C, "City_Neon_CT_StateAV", "", "00000000000000000000010000000000"
0x002D6468, "RQ_AV_Hello", "", "00000000000000000000010000000000"
0x002D6469, "RQ_AV_Heal_01_Hook_Danger", "", "00000000000000000000010000000000"
0x002D646A, "RQ_AV_Heal_01_Hook_LeftBehind", "", "00000000000000000000010000000000"
0x002D646B, "RQ_AV_Heal_01_Hook_HelpUs", "", "00000000000000000000010000000000"
0x002D873B, "PlayerPersuasionSkillSuccessChanceMult", "", "00000000100000000000100000000000"
0x002D873C, "PlayerXPBonusMult", "", "00000000100000000000100000000000"
0x002D87C4, "PlayerReloadSpeedMult", "", "00000000100000000000100000000000"
0x002D87CB, "PlayerOxygenUseMult", "", "00000000100010000000100000000000"
0x002DBE9F, "VFXActorBoundSize", "", "00000000000010000000100000000000"
0x002DF170, "SpaceshipEnginePartMaxPitchVelocity", "Pitch Speed", "00000000000000000000010000000000"
0x002DF171, "SpaceshipEnginePartMaxRollVelocity", "Max Roll Speed", "00000000000000000000010000000000"
0x002E6679, "SpaceshipEnginePartMaxYawVelocity", "Max Yaw Speed", "00000000000000000000010000000000"
0x002E8154, "_TempAV", "", "00000000000000000000010000000000"
0x002EBE44, "COM_Companion_Barrett_AV_TimesMarried", "", "00000000000000000000010000000000"
0x002EBE56, "COM_Companion_Barrett_AV_TimesRomanced", "", "00000000000000000000010000000000"
0x002EC4ED, "Player_Detection_Movement", "", "00000001000000000000100000000000"
0x002EC4F5, "Player_Detection_Light", "", "00000001000000000000100000000000"
0x002F03E5, "SpaceshipMaxAngularZVelocity", "MaxAngularXAcceleration", "00000000000000000000010000000000"
0x002F4083, "AnimGraph_DirectAtPitchMax", "DirectAtPitchMax", "00000000000010000010000000000000"
0x002F4084, "AnimGraph_DirectAtPitchMin", "DirectAtPitchMax", "00000000000010000010000000000000"
0x00303901, "COM_Quest_SarahMorgan_Q01_Complete_AV", "", "00000000000000000000010000000000"
0x0030397A, "PlayerIncomingWeaponDamageMult", "", "00000001000000000000100000000000"
0x003039AF, "PlayerMeleeDamageMult", "", "00000001000000000000100000000000"
0x003039B3, "PlayerFoodMagnitudeMult", "", "00000001000000000000100000000000"
0x00303C1F, "SQ_PlanetLastSurveyReward", "", "00000000000000000000010000000000"
0x0030B58A, "SpaceshipLanderRating", "Lander Thrust", "00000000000000000000010000000000"
0x0031C39A, "COM_StarbornSaveActorValue_MaxStoryGate_Barret", "", "00000000000000000000010000000000"
0x0031C39B, "COM_StarbornSaveActorValue_MaxStoryGate_Andreja", "", "00000000000000000000010000000000"
0x0031C39C, "COM_StarbornSaveActorValue_MaxStoryGate_SamCoe", "", "00000000000000000000010000000000"
0x0031C39D, "COM_StarbornSaveActorValue_MaxStoryGate_SarahMorgan", "", "00000000000000000000010000000000"
0x0031D8C6, "SurveyingPowerLevel", "", "00000000000000000000010000000000"
0x00326C6D, "SamCoe_LillianForeknowledgeAV", "", "00000000000000000000010000000000"
0x00326C6E, "SamCoe_CommitmentForeknowledgeAV", "", "00000000000000000000010000000000"
0x0032AF9C, "SQ_Hoteliers_RoomExpiry", "", "00000000000000000000010000000000"
0x0032F8D8, "RI03_Foreknowledge_MetUlaruAV", "", "00000000000000000000010000000000"
0x0032F8DA, "RI08_Foreknowledge_QuestLineCompletedAV", "", "00000000000000000000010000000000"
0x0032F8DB, "RI03_Foreknowledge_KnowsProjectDominionAV", "", "00000000000000000000010000000000"
0x0032F8DC, "RI06_Foreknowledge_LucasDrexlerEvilAV", "", "00000000000000000000010000000000"
0x0032F8DD, "RI07_Foreknowledge_ImogeneInnocentAV", "", "00000000000000000000010000000000"
0x00333D22, "OutpostCargoLinkAnimState", "", "00000000000000000000010000000000"
0x00336C1C, "COM_Quest_Barrett_Q01_Complete_AV", "", "00000000000000000000010000000000"
0x00336C1D, "COM_Quest_Andreja_Q01_Complete_AV", "", "00000000000000000000010000000000"
0x00336C1E, "COM_Quest_SamCoe_Q01_Complete_AV", "", "00000000000000000000010000000000"
0x003371F0, "COM_CREW_GiveItem_HasItems", "", "00000000000000000000010000000000"
0x0033DFD2, "ResMissionSupplyNeedAV109", "", "00000000000000000000010000000000"
0x00349322, "AnimGraph_StartsOff", "StartsOff", "00000000000010000000100000000000"
0x00349BFB, "SpaceshipEnginePartMinForwardVelocity", "Min Forward Velocity", "00000000000000000000010000000000"
0x00349C00, "SpaceshipEnginePartMaxForwardVelocity", "Max Forward Velocity", "00000000000000000000010000000000"
0x00349C05, "SpaceshipEnginePartMinBackwardVelocity", "Min Backward Velocity", "00000000000000000000010000000000"
0x00349C0E, "SpaceshipEnginePartMaxBackwardVelocity", "Max Backward Velocity", "00000000000000000000010000000000"
0x00349C14, "SpaceshipEnginePartMinStrafeVelocity", "Min Strafe Velocity", "00000000000000000000010000000000"
0x00349C1D, "SpaceshipEnginePartMaxStrafeVelocity", "Max Strafe Velocity", "00000000000000000000010000000000"
0x00349C31, "SpaceshipEnginePartMaxForwardAcceleration", "Max Forward Acceleration", "00000000000000000000010000000000"
0x0034AEAC, "SpaceshipEnginePartMinForwardAcceleration", "Min Forward Acceleration", "00000000000000000000010000000000"
0x0034AEBF, "SpaceshipEnginePartMinStrafeAcceleration", "Min Strafe Acceleration", "00000000000000000000010000000000"
0x0034AEC6, "SpaceshipEnginePartMaxStrafeAcceleration", "Max Strafe Acceleration", "00000000000000000000010000000000"
0x0034AFCA, "SpaceshipEnginePartMinPitchVelocity", "Min Pitch Velocity", "00000000000000000000010000000000"
0x0034AFD5, "SpaceshipEnginePartMinRollVelocity", "Min Roll Velocity", "00000000000000000000010000000000"
0x0034AFD9, "SpaceshipEnginePartMinYawVelocity", "Min Yaw Velocity", "00000000000000000000010000000000"
0x0034AFE4, "SpaceshipEnginePartMinPitchAcceleration", "Min Pitch Acceleration", "00000000000000000000010000000000"
0x0034AFE7, "SpaceshipEnginePartMaxPitchAcceleration", "Max Pitch Acceleration", "00000000000000000000010000000000"
0x0034AFEB, "SpaceshipEnginePartMinRollAcceleration", "Min Roll Acceleration", "00000000000000000000010000000000"
0x0034AFED, "SpaceshipEnginePartMaxRollAcceleration", "Max Roll Acceleration", "00000000000000000000010000000000"
0x00352BDA, "COM_Companion_Barrett_AV_RememberFriendship", "", "00000000000000000000010000000000"
0x00352CD9, "FC_Neon_ALN_CityLife_State", "", "00000000000000000000010000000000"
0x00355247, "BoostpackThrustInitial", "", "00000000000000000000010000000000"
0x00355248, "BoostpackThrustSustained", "", "00000000000000000000010000000000"
0x00355249, "BoostpackDrainInitial", "", "00000000000000000000010000000000"
0x0035524A, "BoostpackDrainSustained", "", "00000000000000000000010000000000"
0x0035524B, "BoostpackTimeToSustained", "", "00000000000000000000010000000000"
0x0035524C, "BoostpackMinFuelRequired", "", "00000000000000000000010000000000"
0x0035524D, "BoostpackHorizontalPercentage", "", "00000000000000000000010000000000"
0x0035524E, "BoostpackHorizontalDragCoefficient", "", "00000000000000000000010000000000"
0x0035524F, "BoostpackHorizontalInputTrigger", "", "00000000000000000000010000000000"
0x00355250, "BoostpackHorizontalVelocityTrigger", "", "00000000000000000000010000000000"
0x00355251, "BoostpackLowGravityDampeningMult", "", "00000000000000000000010000000000"
0x00355252, "BoostpackHighGravityDampeningMult", "", "00000000000000000000010000000000"
0x00355253, "BoostpackFallingThrustMult", "", "00000000000000000000010000000000"
0x00355254, "BoostpackInitialThrustOnlyOnTakeoff", "", "00000000000000000000010000000000"
0x003554CE, "CityLife_FAB_State", "", "00000000000000000000010000000000"
0x00374EEE, "UC_NA_CL_SceneComplete", "", "00000000001000000000010000000000"
0x00388318, "AnimGraph_StartAltIdle", "StartAltIdle", "00000000000010000000010000000000"
0x00389182, "AuroraBlockingFastTravel", "", "00000000000000000000010000000000"
0x0038D147, "NativeTerminalContainer_AnyLocked", "", "00000000000000000000010000000000"
0x0038D148, "NativeTerminalContainer_Count", "", "00000000000000000000010000000000"
0x0038D14A, "NativeTerminalContainer_AnySafe", "", "00000000000000000000010000000000"
0x00393C5F, "OE_Civilians_DIAL_CanIHelp", "", "00000000000000000000010000000000"
0x00393C60, "OE_Civilians_DIAL_WhatsGoingOn", "", "00000000000000000000010000000000"
0x00393C61, "OE_Civilians_DIAL_HowsLife", "", "00000000000000000000010000000000"
0x00398E12, "SpaceshipEnginePartMinYawAcceleration", "Min Yaw Acceleration", "00000000000000000000010000000000"
0x00398E13, "SpaceshipEnginePartMaxYawAcceleration", "Max Yaw Acceleration", "00000000000000000000010000000000"
0x0039F887, "MissionBoardAvailable_Supply", "", "00000000000000000000010000000000"
0x0039F888, "MissionBoardAvailable_Hunt", "", "00000000000000000000010000000000"
0x003E5D39, "MQArmillaryShipBuilderCheck", "", "00000000000000000000010000000000"
